zone_type,rainfall_mm,week_type,population_density,month,special_event,previous_wet_tons,previous_dry_tons,wet_waste_tons,dry_waste_tons
market,15.3,normal,medium,5,no,9.77,2.83,9.38,2.44
tourist_area,41.6,holiday,low,2,no,2.28,3.37,2.79,4.26
office,2.3,normal,high,12,no,3.02,5.05,2.57,4.8
school,2.8,normal,medium,1,yes,2.69,5.58,2.57,5.35
residential,104.3,normal,low,9,no,4.8,1.89,4.36,0.97
residential,20.0,holiday,high,2,no,9.71,2.8,8.13,3.76
residential,165.6,festival,medium,6,yes,10.82,2.88,10.81,2.19
office,74.4,normal,low,1,no,1.54,3.18,1.44,2.13
school,14.7,normal,medium,1,no,2.7,4.59,2.84,4.88
office,119.3,normal,medium,9,no,4.27,3.69,3.37,4.27
residential,20.8,normal,high,4,no,5.65,3.33,6.29,3.08
tourist_area,300.0,normal,high,9,no,7.29,6.36,6.72,5.84
office,53.4,normal,high,11,no,4.73,6.01,4.12,5.88
residential,72.8,normal,medium,5,no,5.0,2.45,5.42,2.48
residential,59.5,normal,medium,7,no,6.42,1.74,6.39,1.72
residential,44.4,normal,high,1,no,7.18,3.46,6.57,3.19
residential,82.8,holiday,low,6,no,5.23,3.57,5.09,2.03
market,16.7,normal,medium,8,no,9.1,1.5,8.52,2.1
market,86.6,normal,medium,1,no,7.87,3.19,8.76,3.08
residential,20.4,holiday,low,9,no,4.96,0.54,5.34,0.93
school,100.9,normal,medium,3,no,2.89,3.49,3.1,3.16
residential,4.8,normal,high,1,no,6.43,2.6,5.39,2.56
residential,51.4,normal,high,1,no,6.46,3.39,6.04,3.65
market,9.7,normal,low,11,yes,8.73,1.09,8.05,2.24
market,75.8,normal,low,6,no,7.6,2.38,6.39,1.97
office,7.3,normal,medium,11,no,2.21,4.56,3.06,4.01
residential,112.6,festival,high,6,no,11.84,3.3,12.93,3.03
market,12.8,normal,low,1,no,5.43,2.04,6.85,2.53
school,32.1,normal,high,3,yes,4.03,6.06,3.32,6.11
residential,23.0,normal,low,7,no,4.7,1.24,4.67,1.51
school,2.0,normal,medium,10,no,2.23,3.58,3.15,3.93
residential,3.1,normal,medium,3,yes,5.6,3.24,5.45,2.99
residential,16.3,holiday,high,3,no,8.62,4.59,7.92,3.64
tourist_area,50.6,normal,low,3,yes,5.18,3.7,3.52,3.43
tourist_area,65.7,normal,medium,12,no,4.28,5.39,4.99,5.99
office,66.2,normal,low,7,no,1.72,2.64,2.1,2.04
residential,25.6,normal,high,4,no,7.98,2.26,7.2,2.43
residential,43.9,festival,high,4,no,12.71,2.57,12.24,2.68
school,10.2,normal,low,3,no,1.25,2.47,1.56,2.04
market,15.8,normal,high,10,no,11.15,4.57,11.49,3.91
residential,22.3,normal,medium,11,no,4.62,2.34,4.65,3.25
market,38.3,festival,low,9,no,11.34,2.32,12.09,2.69
residential,0.8,normal,medium,2,no,3.96,2.06,4.1,2.04
tourist_area,5.0,normal,low,4,no,3.13,3.05,4.27,3.66
residential,108.5,holiday,high,8,no,10.68,3.61,10.58,3.32
school,66.2,holiday,high,6,no,3.5,3.97,4.21,5.1
residential,73.9,normal,low,7,no,5.62,1.67,5.11,2.56
market,51.1,normal,medium,7,no,10.22,1.76,10.78,2.55
market,2.4,normal,high,2,yes,11.44,3.61,11.81,4.21
residential,6.4,normal,high,4,no,7.44,3.19,6.74,3.46
tourist_area,72.7,normal,medium,10,no,6.12,4.76,4.96,4.81
office,0.6,normal,high,10,no,4.61,4.87,4.67,3.9
tourist_area,98.4,normal,medium,6,yes,4.92,4.45,4.91,4.47
tourist_area,14.6,normal,medium,3,yes,4.62,5.91,4.76,5.5
school,115.5,normal,high,9,no,2.19,4.87,3.45,4.43
tourist_area,26.7,festival,medium,4,no,8.63,7.72,8.31,7.8
residential,7.6,normal,medium,10,no,4.86,1.43,4.53,2.41
residential,56.4,normal,medium,2,no,4.2,2.85,5.19,2.89
residential,90.2,normal,high,6,no,7.14,2.82,7.79,3.16
residential,51.9,festival,high,1,no,11.26,4.43,11.27,3.54
market,65.8,normal,medium,6,no,9.1,2.73,8.08,2.99
residential,125.4,normal,medium,12,no,4.68,2.47,4.97,3.01
office,44.2,normal,medium,10,no,1.72,3.66,2.78,2.55
market,101.4,normal,medium,1,yes,9.36,3.69,10.43,4.03
residential,115.1,normal,low,8,no,4.88,1.71,3.83,0.95
market,19.3,normal,high,5,no,13.14,2.73,13.68,2.22
residential,152.7,normal,medium,6,yes,7.1,1.88,8.07,2.76
office,63.7,festival,medium,2,yes,7.12,6.18,5.07,5.43
residential,99.8,normal,low,2,yes,3.88,1.58,4.25,1.49
tourist_area,11.8,normal,low,12,no,2.25,4.45,3.01,4.7
office,168.4,holiday,high,9,no,5.72,3.36,5.43,3.73
residential,7.1,normal,medium,3,no,4.44,1.36,4.27,1.77
residential,73.9,normal,low,6,no,3.21,1.43,4.09,1.37
office,5.9,normal,medium,10,no,4.51,2.41,3.56,3.05
office,12.8,normal,medium,5,no,4.9,3.15,4.13,3.07
office,80.4,holiday,low,12,yes,1.82,4.44,2.82,4.21
office,4.7,festival,medium,4,no,3.96,4.46,5.38,4.17
residential,30.0,normal,medium,10,no,6.49,2.88,6.27,2.85
market,27.0,normal,medium,2,no,9.15,2.68,8.65,2.98
residential,73.1,festival,medium,8,no,8.76,2.74,8.58,3.6
office,11.8,holiday,medium,10,yes,5.97,5.72,4.71,5.17
school,45.6,festival,high,7,no,5.97,6.3,6.75,5.92
residential,6.2,normal,medium,11,no,5.48,3.22,5.2,3.09
residential,48.4,normal,medium,2,no,5.8,2.67,5.99,3.03
residential,300.0,holiday,low,6,no,5.2,1.45,5.16,1.01
residential,76.9,normal,medium,8,no,5.32,3.05,5.15,2.67
office,46.9,normal,high,7,no,5.88,3.7,5.72,2.61
school,18.2,normal,low,1,no,1.66,2.99,1.64,2.84
tourist_area,41.3,normal,high,5,no,7.28,5.68,6.35,6.25
market,9.9,normal,low,2,no,5.33,3.23,6.59,2.41
residential,67.0,normal,medium,6,no,4.34,2.12,4.57,2.21
office,97.2,festival,high,7,no,6.78,5.51,7.66,4.97
office,276.5,normal,medium,7,no,3.03,3.14,3.84,2.53
school,14.9,holiday,medium,3,no,2.19,4.48,1.7,4.92
office,87.5,normal,low,7,yes,2.9,1.86,2.42,1.66
market,104.1,normal,high,5,no,13.86,3.52,13.32,3.62
market,192.7,festival,low,8,no,11.74,2.23,11.3,2.35
market,38.1,normal,high,12,no,10.96,5.0,12.02,4.35
residential,128.9,normal,low,8,no,4.53,1.69,4.38,1.65
residential,300.0,normal,high,7,no,8.48,2.06,9.06,1.81
residential,109.2,normal,medium,6,no,6.14,2.65,6.36,2.64
school,67.6,holiday,high,2,no,4.52,6.69,4.35,5.76
residential,133.1,festival,medium,6,no,8.77,1.77,8.98,2.04
market,39.9,normal,high,12,no,12.08,5.38,12.4,4.83
tourist_area,10.3,normal,low,11,no,4.72,2.67,3.69,3.66
residential,50.7,normal,low,9,no,4.63,2.14,5.46,1.95
market,45.8,holiday,medium,2,no,9.35,3.51,8.55,3.91
office,10.6,normal,low,1,yes,3.72,3.76,3.68,3.72
residential,24.8,normal,low,11,no,4.87,1.8,3.59,2.08
residential,8.6,normal,high,5,no,6.26,2.83,6.54,2.75
residential,50.9,normal,high,11,no,6.84,4.03,6.9,4.22
residential,65.2,normal,medium,6,no,6.05,2.45,5.68,2.15
tourist_area,53.1,holiday,high,3,no,6.8,6.72,6.78,6.14
office,112.1,normal,medium,8,no,3.47,3.77,2.67,3.29
school,33.0,normal,medium,7,yes,2.64,3.68,2.4,4.07
office,23.4,holiday,high,2,no,2.47,5.06,3.54,4.44
office,10.0,holiday,medium,12,no,3.14,5.48,3.27,4.69
residential,70.9,normal,high,7,no,7.29,3.47,7.21,2.56
tourist_area,13.0,normal,medium,1,no,2.71,5.34,4.08,5.64
market,28.0,normal,medium,9,no,9.02,2.42,8.38,3.31
office,300.0,normal,low,7,no,3.35,2.6,2.94,2.16
tourist_area,25.3,normal,low,6,no,5.75,2.36,4.71,2.91
residential,32.6,normal,low,2,no,3.49,2.78,3.82,2.55
residential,13.9,normal,high,3,no,5.79,3.27,6.08,3.92
residential,31.2,holiday,high,1,no,8.39,2.99,7.97,3.09
market,13.2,normal,high,10,no,11.15,3.27,10.28,3.45
office,33.6,normal,medium,5,yes,3.73,3.95,4.33,3.76
office,138.5,normal,medium,9,no,2.53,2.82,2.73,2.95
residential,143.0,festival,low,6,no,7.05,2.98,7.08,3.62
market,3.6,holiday,medium,5,no,10.62,2.58,10.42,2.86
market,32.1,holiday,medium,12,no,8.73,4.22,8.6,3.7
residential,9.9,holiday,high,3,no,7.1,3.17,8.25,2.87
residential,0.9,festival,medium,5,no,9.35,2.62,7.96,3.35
residential,79.2,normal,low,8,no,5.46,2.96,4.4,1.9
tourist_area,17.1,normal,low,12,no,2.59,2.92,3.73,3.7
residential,18.9,normal,low,2,no,2.58,1.83,3.29,1.5
market,36.6,holiday,medium,5,no,10.06,3.2,10.37,2.6
office,59.9,holiday,high,6,no,6.83,4.21,7.12,4.61
market,11.4,normal,medium,10,no,7.43,3.42,8.2,2.94
tourist_area,48.8,normal,high,8,no,6.86,4.39,7.09,5.1
tourist_area,140.9,normal,medium,8,no,5.47,4.78,5.57,4.7
residential,25.2,festival,medium,5,no,7.15,3.91,8.0,3.73
market,50.1,normal,low,9,no,8.32,2.1,8.09,1.89
residential,36.6,normal,high,4,no,6.32,4.87,7.97,4.36
residential,23.1,normal,high,12,no,5.05,3.76,5.49,3.32
residential,92.7,normal,low,9,no,3.39,1.47,3.6,0.4
school,21.5,festival,medium,11,yes,3.16,7.72,2.99,7.62
market,142.1,normal,medium,7,no,10.46,1.66,10.41,2.07
residential,132.5,holiday,medium,6,no,7.58,1.38,8.52,1.56
residential,10.2,normal,high,4,no,5.29,2.41,6.61,2.05
tourist_area,4.6,normal,medium,2,no,3.8,6.28,3.58,4.83
residential,53.9,normal,medium,8,no,5.05,1.46,5.38,1.78
residential,129.3,holiday,low,6,yes,6.78,1.88,5.82,2.7
market,61.9,normal,low,12,no,6.11,1.39,5.55,1.76
tourist_area,15.8,normal,low,3,no,3.54,3.87,3.5,3.5
residential,63.0,normal,low,7,no,5.23,0.97,4.64,1.18
school,42.4,festival,high,10,no,6.13,6.2,5.21,7.38
office,189.1,normal,high,7,no,4.68,4.19,5.11,4.25
residential,159.0,holiday,low,6,no,6.17,1.08,5.81,0.92
office,28.0,normal,high,2,no,3.52,4.82,2.64,4.73
market,156.7,normal,low,8,no,7.83,2.81,6.51,2.47
school,0.5,normal,medium,1,no,0.59,4.62,0.93,3.96
school,3.4,normal,low,1,no,1.13,3.01,0.42,3.32
market,67.3,normal,medium,6,no,9.59,2.2,8.61,2.0
residential,37.4,normal,medium,5,no,5.72,2.15,6.33,1.52
office,15.4,normal,medium,9,no,3.27,4.25,3.2,3.81
residential,20.6,festival,medium,12,no,8.82,2.84,8.09,3.19
residential,96.0,normal,high,7,no,6.85,2.73,7.26,2.7
residential,11.2,holiday,low,2,yes,4.43,2.8,3.89,2.32
school,61.3,normal,low,12,no,2.81,4.21,2.66,3.45
school,47.0,normal,low,7,no,0.94,2.87,1.38,3.14
residential,13.0,normal,medium,3,yes,4.14,3.0,4.28,3.19
market,44.6,normal,low,1,no,5.97,2.69,5.59,2.02
residential,0.9,normal,high,11,no,7.59,3.54,6.52,2.65
school,103.8,normal,medium,8,no,1.9,1.61,2.08,1.97
residential,50.8,normal,medium,12,no,2.59,1.65,3.34,2.25
school,80.8,normal,medium,3,no,1.67,3.83,1.71,3.53
market,62.7,festival,low,11,no,11.35,2.2,10.86,2.18
tourist_area,75.7,holiday,low,8,no,4.08,2.51,4.3,2.64
residential,110.3,normal,medium,7,no,5.67,2.45,5.97,2.23
residential,2.4,normal,medium,12,no,5.42,3.22,5.72,3.42
residential,8.9,normal,low,2,yes,6.06,2.48,5.59,2.34
tourist_area,3.0,normal,low,1,no,3.42,2.84,3.87,3.24
office,110.7,normal,high,7,no,6.24,4.1,5.2,3.82
residential,62.4,normal,low,1,no,1.76,0.2,2.15,0.69
school,59.5,normal,high,6,no,5.98,4.03,5.56,4.63
office,24.8,normal,high,11,no,3.64,5.35,4.22,5.47
school,17.0,normal,medium,10,no,2.7,4.13,2.24,4.98
market,18.4,holiday,low,11,yes,8.66,1.91,9.19,2.75
residential,104.8,holiday,low,10,no,5.39,2.05,4.56,1.77
residential,95.1,normal,medium,8,no,7.32,1.75,7.04,1.5
tourist_area,121.0,festival,medium,7,no,9.3,5.1,8.96,5.6
tourist_area,16.3,festival,high,4,no,10.72,8.77,9.57,8.05
school,1.9,normal,high,1,no,2.85,6.73,2.69,6.52
residential,20.2,normal,medium,1,no,3.88,3.0,5.49,2.48
residential,50.4,normal,low,4,no,4.44,1.15,4.38,1.52
office,3.1,festival,low,5,yes,3.04,3.79,5.02,3.21
tourist_area,2.2,holiday,high,12,no,7.72,9.41,6.54,9.39
tourist_area,39.3,normal,low,7,no,5.27,3.23,5.22,2.54
office,43.4,normal,low,4,no,3.3,3.51,1.42,3.08
school,38.6,normal,high,10,no,5.59,4.54,4.75,4.71
residential,25.0,normal,medium,12,no,7.42,3.12,6.74,3.04
residential,18.9,normal,high,1,no,5.93,4.01,6.56,3.55
tourist_area,65.8,holiday,medium,11,no,5.33,6.59,4.92,6.16
school,43.7,normal,low,10,no,0.5,1.37,1.7,2.06
residential,181.2,holiday,high,7,no,10.93,2.48,10.25,2.24
residential,50.3,holiday,medium,2,no,4.37,4.01,4.71,3.04
school,30.9,holiday,medium,11,no,3.83,6.4,3.25,5.57
residential,18.4,normal,medium,2,no,3.35,2.58,3.14,2.38
residential,201.3,normal,low,8,no,5.35,1.38,5.97,0.94
market,78.1,normal,medium,12,yes,9.46,3.81,9.6,4.35
school,0.7,normal,low,10,no,0.68,3.65,1.83,3.12
school,1.6,normal,medium,10,yes,2.96,5.05,3.61,4.87
residential,95.6,normal,medium,10,no,4.63,2.34,4.29,1.77
office,9.7,normal,high,5,no,4.28,3.93,5.08,4.97
residential,62.0,normal,high,10,yes,7.37,4.49,8.03,5.3
residential,14.8,normal,low,2,no,3.36,1.87,2.75,1.48
office,3.8,normal,medium,5,no,2.19,2.39,2.9,3.31
school,47.0,holiday,medium,8,no,3.2,3.27,2.7,3.52
office,58.1,holiday,low,6,no,3.28,1.02,4.19,2.37
school,8.6,normal,high,3,no,4.53,6.1,4.49,5.79
school,78.3,normal,high,8,no,3.92,4.66,3.89,4.58
residential,114.2,normal,low,9,yes,3.97,2.61,5.11,1.15
market,128.9,normal,medium,5,no,8.7,3.82,8.14,2.88
residential,17.5,normal,low,2,no,2.71,2.25,2.53,2.04
residential,21.9,festival,medium,2,no,8.49,3.38,7.75,3.43
tourist_area,110.4,normal,low,7,no,5.22,3.29,6.11,2.54
market,23.3,normal,high,1,no,10.08,3.8,9.65,3.59
tourist_area,21.9,normal,high,10,no,8.6,7.08,6.63,7.04
school,0.3,normal,medium,12,no,1.46,4.93,0.96,4.16
office,0.1,normal,medium,2,no,3.55,3.62,3.75,3.66
market,3.1,normal,high,10,no,10.27,4.68,10.49,4.88
school,3.2,normal,medium,4,no,1.23,4.87,1.69,4.56
market,36.6,normal,low,1,no,5.54,1.34,6.15,1.87
residential,6.9,normal,medium,4,yes,3.17,4.03,4.29,2.61
office,67.5,normal,high,12,no,4.8,5.79,4.57,5.11
residential,79.2,normal,medium,11,no,4.78,2.44,5.23,3.44
residential,111.8,festival,medium,10,no,6.61,4.14,6.96,3.4
school,83.9,normal,high,5,no,3.8,4.31,3.7,5.02
residential,59.3,normal,high,9,no,7.63,3.63,7.69,3.04
tourist_area,21.4,normal,high,1,no,7.07,6.92,7.01,6.73
tourist_area,5.8,normal,low,12,no,3.98,3.04,3.2,3.71
tourist_area,49.2,normal,medium,5,no,4.22,3.83,2.73,4.18
market,65.8,normal,high,2,no,9.14,4.24,10.1,4.25
residential,181.4,holiday,high,9,no,9.18,2.14,9.73,2.24
tourist_area,88.1,normal,medium,6,no,5.32,5.21,5.43,4.26
market,42.6,normal,low,2,no,6.41,2.61,6.33,1.98
tourist_area,3.1,normal,high,3,no,6.64,7.59,5.96,6.8
tourist_area,48.3,holiday,high,8,no,9.14,6.04,9.18,6.09
office,42.0,normal,low,1,no,1.42,2.64,2.2,3.06
residential,16.6,normal,medium,12,no,5.19,2.59,5.06,2.75
market,162.4,normal,low,3,no,5.49,2.92,7.32,2.69
office,3.1,normal,medium,10,no,3.84,3.92,2.59,3.79
residential,58.1,normal,low,1,no,2.78,2.22,3.17,1.53
residential,19.6,normal,medium,11,no,4.36,3.47,3.92,3.12
school,52.7,normal,medium,11,no,3.58,3.73,3.69,4.01
tourist_area,138.9,normal,medium,8,no,5.89,3.62,4.73,4.18
school,74.3,normal,medium,1,no,1.29,4.56,0.91,3.86
school,10.6,normal,high,5,yes,5.2,5.07,4.5,4.49
residential,89.8,festival,low,4,no,5.11,2.14,5.73,2.19
school,78.0,normal,low,7,no,0.88,2.46,1.07,2.55
tourist_area,2.6,normal,high,5,no,6.52,5.74,6.24,5.76
residential,84.7,normal,low,8,no,4.54,2.31,4.38,1.95
market,52.9,normal,high,12,no,12.42,3.79,11.73,4.46
office,19.2,holiday,high,11,no,4.1,5.99,5.31,5.61
office,53.0,normal,medium,1,no,3.84,3.89,3.84,3.63
school,39.2,normal,high,5,no,3.8,4.0,3.59,4.35
office,7.0,normal,low,4,no,1.27,1.34,2.97,1.23
market,89.2,normal,medium,3,no,9.36,1.69,9.22,2.14
residential,1.9,normal,medium,5,no,5.55,1.51,4.95,1.84
office,68.6,normal,medium,10,no,3.6,3.59,3.56,4.24
office,10.9,normal,high,3,no,4.18,4.8,4.37,4.5
office,87.9,holiday,low,8,yes,3.37,3.62,3.11,3.38
tourist_area,16.5,normal,medium,3,yes,4.95,5.2,4.37,5.95
market,5.7,holiday,medium,1,no,10.31,3.59,10.0,3.22
market,81.9,holiday,medium,9,yes,11.24,2.93,11.84,3.92
office,60.7,holiday,medium,9,yes,5.03,3.8,5.77,4.87
school,72.3,normal,medium,6,no,1.8,3.52,2.7,3.46
office,6.2,normal,high,10,no,5.69,4.28,4.68,4.15
office,20.1,holiday,low,1,no,1.3,1.65,2.03,2.96
tourist_area,170.8,normal,high,8,no,7.31,5.29,8.07,5.64
residential,25.2,normal,medium,2,no,5.41,2.49,4.22,2.54
market,222.1,holiday,high,9,no,15.0,4.49,14.69,4.8
residential,143.0,festival,high,8,no,13.57,4.33,13.13,4.54
school,35.1,normal,low,3,no,0.5,3.27,1.04,2.86
residential,33.0,normal,medium,5,yes,8.58,2.85,7.74,2.93
market,102.4,normal,high,9,no,13.39,4.01,12.94,4.01
market,35.1,holiday,medium,1,no,10.78,2.55,10.06,3.02
residential,42.3,festival,high,9,no,12.97,3.71,12.58,3.13
school,59.0,normal,medium,4,no,2.15,4.27,3.04,3.6
residential,45.1,normal,low,4,no,2.44,2.69,2.77,1.6
residential,8.4,holiday,medium,4,no,5.89,3.43,7.52,3.33
office,43.8,normal,high,10,no,5.95,4.9,6.42,4.17
market,0.4,normal,medium,12,no,9.08,2.68,9.48,3.11
residential,35.8,festival,high,9,no,11.18,3.26,11.64,4.34
market,78.4,normal,high,6,no,11.12,3.62,13.27,4.13
office,45.5,normal,medium,11,yes,3.63,5.02,3.44,3.97
residential,141.0,normal,low,8,yes,5.69,1.85,5.03,1.23
school,50.4,normal,high,12,no,2.41,5.31,2.43,5.21
residential,0.1,holiday,medium,4,yes,8.25,3.3,7.32,2.79
residential,20.9,normal,high,3,no,7.72,2.42,7.28,2.01
market,36.6,festival,medium,1,no,12.93,5.46,12.83,4.81
market,5.1,normal,medium,10,no,8.68,2.86,8.8,3.24
school,109.3,normal,high,7,no,1.69,3.57,2.65,4.29
office,2.6,normal,medium,4,no,3.47,3.24,3.42,3.06
tourist_area,20.3,normal,medium,8,yes,7.64,5.83,8.08,5.45
market,19.4,normal,medium,3,yes,9.59,3.72,9.96,3.81
residential,31.8,normal,medium,1,yes,5.44,3.79,6.01,3.46
office,4.7,normal,medium,5,no,3.59,2.87,3.59,3.39
residential,6.1,normal,high,2,yes,7.92,3.74,6.65,4.07
market,6.9,holiday,medium,3,no,8.35,2.0,7.8,2.45
residential,67.3,normal,medium,6,yes,6.5,1.23,7.91,1.02
residential,7.7,holiday,medium,3,yes,7.04,3.25,6.6,4.0
tourist_area,15.1,normal,medium,3,no,5.76,5.25,4.8,4.77
office,31.8,normal,medium,12,no,2.51,4.09,2.8,4.2
school,86.2,normal,high,6,no,1.85,4.64,3.03,3.68
market,44.9,normal,high,5,no,13.91,4.51,13.86,4.06
residential,38.1,normal,medium,10,no,4.86,2.91,6.04,2.75
residential,19.9,holiday,medium,9,no,5.84,2.16,7.01,2.44
residential,1.5,holiday,low,1,no,2.59,1.91,2.72,3.36
market,63.1,normal,medium,3,no,9.28,3.61,9.43,2.99
office,2.5,normal,medium,3,no,3.99,3.69,3.3,3.94
school,4.8,holiday,medium,11,no,4.09,4.48,3.57,4.93
residential,50.8,normal,medium,6,no,7.28,1.91,6.04,1.71
tourist_area,104.3,holiday,low,8,no,6.08,4.18,4.55,4.17
office,26.2,holiday,low,3,yes,3.84,2.37,3.5,2.73
school,130.1,holiday,high,3,no,3.56,6.69,3.15,6.57
school,257.3,normal,medium,6,no,1.91,1.4,2.93,3.07
market,68.4,normal,medium,8,no,9.19,3.37,9.33,3.06
residential,66.0,normal,low,6,yes,5.04,1.82,5.28,1.7
market,10.6,normal,low,12,no,6.56,2.48,7.19,2.92
office,5.0,holiday,high,10,yes,5.96,5.92,5.03,6.75
residential,4.5,normal,medium,3,no,3.86,3.82,3.78,2.8
residential,4.3,normal,medium,4,yes,5.54,3.41,5.91,2.97
residential,3.6,festival,low,1,no,5.39,1.42,5.56,2.16
residential,43.3,holiday,high,8,no,9.75,2.55,10.28,2.78
office,11.0,festival,low,4,no,4.75,3.24,4.84,2.71
office,300.0,holiday,low,6,no,3.09,2.0,3.25,2.33
market,25.9,normal,medium,11,no,6.95,1.84,7.78,2.76
residential,131.7,normal,medium,3,no,4.9,2.42,5.11,2.22
market,14.0,festival,low,11,no,8.45,2.46,8.16,2.7
market,18.4,normal,medium,12,no,8.81,3.84,8.44,3.39
residential,11.8,normal,medium,11,no,4.22,2.66,4.69,2.18
market,47.8,normal,high,6,no,13.28,3.8,13.59,3.38
market,4.6,normal,medium,12,no,8.97,4.44,8.06,4.02
school,87.1,holiday,low,11,no,2.36,3.39,1.58,2.71
school,300.0,normal,medium,9,no,4.0,2.99,3.43,2.91
residential,57.6,normal,high,9,no,8.44,3.18,9.21,3.1
market,4.9,normal,medium,10,no,6.94,1.92,7.14,2.94
school,16.5,normal,high,3,yes,2.95,6.62,3.99,6.28
market,6.2,normal,low,3,no,6.28,3.54,7.15,2.31
office,13.6,normal,medium,4,no,4.58,2.93,4.04,3.01
school,4.1,festival,low,12,no,3.15,2.96,2.59,3.25
residential,58.1,normal,medium,7,yes,6.7,2.07,7.16,2.53
residential,9.5,normal,high,3,no,7.33,1.99,7.09,2.37
school,13.0,normal,high,10,no,2.69,5.22,2.48,3.98
residential,60.0,normal,medium,8,no,6.36,2.74,5.76,4.12
school,16.8,normal,medium,11,yes,2.21,4.93,2.78,5.13
tourist_area,300.0,holiday,high,8,yes,9.89,6.78,10.77,6.91
school,81.3,normal,medium,6,no,3.17,3.57,2.88,2.8
market,62.7,holiday,low,4,no,8.15,2.24,8.12,1.58
school,55.6,normal,medium,11,no,1.31,3.69,2.2,3.89
market,91.1,normal,low,12,no,5.85,1.01,5.89,1.75
market,46.8,normal,medium,11,no,8.25,3.93,8.21,3.91
tourist_area,32.3,festival,medium,5,no,8.13,5.3,7.52,5.68
market,58.3,normal,medium,12,no,8.71,3.73,8.04,3.03
tourist_area,2.4,normal,medium,2,no,4.67,5.02,6.02,3.93
tourist_area,99.3,normal,low,6,no,4.56,3.33,4.21,3.12
residential,136.0,normal,medium,3,no,5.15,1.76,5.88,1.77
residential,167.4,normal,high,6,no,7.49,1.78,8.75,1.61
residential,98.2,normal,medium,12,no,5.95,2.18,5.41,2.81
residential,45.4,normal,medium,5,no,5.23,2.26,5.59,1.55
residential,62.4,normal,high,2,no,6.14,3.16,6.22,3.47
school,36.8,normal,high,12,no,1.87,5.19,1.45,4.87
residential,42.9,holiday,low,5,no,5.1,2.78,4.13,2.41
residential,22.2,holiday,low,5,no,5.91,0.84,5.57,1.71
office,267.7,holiday,high,9,no,6.09,4.16,5.65,4.07
residential,52.3,normal,high,11,no,7.0,4.43,8.07,4.74
office,203.4,normal,high,8,no,3.0,3.76,3.62,4.57
residential,33.5,normal,high,12,no,6.78,3.32,7.83,3.59
residential,10.9,normal,medium,12,no,5.15,3.13,4.71,3.25
school,51.5,normal,medium,7,no,3.18,3.48,4.25,3.89
school,82.3,normal,low,12,no,0.53,3.22,1.35,3.42
office,26.5,normal,low,3,no,2.59,2.98,2.75,2.9
office,10.6,normal,medium,10,no,3.6,2.62,3.08,2.77
office,4.8,holiday,medium,4,no,3.46,3.37,3.94,2.81
residential,190.8,normal,medium,6,no,6.25,1.88,7.18,1.32
residential,54.3,normal,high,3,no,5.17,2.02,5.62,3.59
office,50.5,normal,medium,11,yes,3.34,4.64,3.24,4.73
office,100.0,normal,medium,9,no,2.94,2.93,2.95,2.89
tourist_area,89.8,normal,low,8,no,3.28,3.33,4.53,3.72
market,47.1,festival,medium,6,no,15.0,3.81,15.65,3.27
market,0.3,festival,high,4,yes,15.0,5.49,18.0,5.93
office,167.2,normal,medium,7,no,2.48,3.07,3.16,2.97
residential,2.7,festival,high,11,no,11.13,4.71,10.89,4.85
tourist_area,29.9,festival,medium,3,no,6.52,6.54,6.84,6.28
office,21.0,holiday,medium,10,no,1.75,3.44,3.17,3.25
market,34.3,holiday,medium,8,no,12.2,2.48,11.91,2.33
office,78.4,normal,medium,1,no,2.55,4.21,3.48,3.56
office,1.0,normal,high,3,no,4.43,3.16,4.42,3.74
residential,44.5,normal,medium,11,no,3.1,2.5,2.44,1.87
tourist_area,1.6,normal,high,5,no,7.82,4.59,7.9,4.65
market,1.2,festival,low,5,yes,14.46,2.33,13.04,2.72
office,16.9,normal,high,10,no,4.12,3.86,4.65,4.1
residential,2.0,holiday,low,2,no,5.83,2.85,5.66,2.58
tourist_area,46.7,holiday,high,10,no,8.89,7.28,8.54,7.28
market,104.5,holiday,medium,8,no,12.59,2.41,12.7,3.75
residential,0.9,festival,medium,5,no,9.39,3.46,9.7,3.31
tourist_area,30.1,normal,medium,7,no,6.58,4.25,5.79,4.06
residential,133.5,normal,high,7,no,8.27,2.53,8.74,2.61
residential,49.2,normal,low,5,no,4.03,0.9,4.79,1.66
tourist_area,91.1,normal,medium,8,no,4.67,4.33,5.98,4.25
tourist_area,123.2,normal,high,9,yes,8.04,6.49,7.36,7.0
school,48.3,normal,medium,4,no,2.61,3.48,2.87,3.77
school,28.3,holiday,low,4,yes,2.42,4.02,2.0,3.74
market,37.3,normal,medium,8,yes,11.4,3.17,10.9,3.2
residential,28.5,normal,medium,1,no,4.53,2.61,4.79,3.32
residential,29.7,normal,high,4,no,7.0,3.29,7.1,3.29
school,160.0,normal,high,6,no,3.74,5.1,4.55,4.29
office,29.1,normal,medium,4,no,3.28,3.2,3.03,3.1
office,300.0,holiday,high,6,no,6.05,4.33,5.96,3.25
office,6.6,normal,medium,5,no,3.3,2.83,3.43,3.06
residential,281.5,holiday,low,9,no,5.92,1.18,5.12,1.98
market,23.2,normal,medium,10,no,8.21,3.56,7.98,2.69
residential,139.3,holiday,medium,9,no,6.92,1.48,7.51,2.01
market,3.1,normal,low,4,no,6.57,2.38,6.29,2.65
market,14.4,normal,high,4,no,13.33,3.0,13.55,3.8
tourist_area,44.0,normal,high,12,no,5.57,6.76,6.04,7.6
market,135.4,holiday,medium,8,yes,15.0,3.97,13.81,2.9
residential,1.2,normal,medium,10,no,5.85,1.84,5.87,2.36
residential,23.7,normal,high,4,yes,6.78,3.08,7.75,2.7
office,2.8,festival,high,2,no,5.16,5.92,5.61,5.52
school,164.6,holiday,high,2,no,5.2,5.14,4.56,5.76
residential,68.3,normal,medium,1,no,3.64,1.62,3.49,2.11
residential,0.6,holiday,high,5,no,8.78,4.03,9.64,4.09
office,176.3,normal,medium,6,no,3.06,3.56,3.22,2.83
residential,244.2,normal,medium,9,no,5.01,0.45,4.78,1.84
office,13.1,normal,low,5,no,3.22,2.73,3.2,2.82
office,105.1,festival,low,6,no,4.29,3.3,3.78,3.42
residential,75.4,festival,medium,6,no,8.18,3.25,7.98,2.55
residential,31.9,normal,medium,3,no,4.51,2.21,4.4,2.83
tourist_area,12.5,normal,low,12,no,3.05,4.12,2.72,3.93
market,11.7,normal,high,4,no,11.61,2.95,11.25,3.01
market,16.6,festival,low,1,no,9.21,2.72,9.66,3.06
office,4.7,festival,medium,4,no,6.52,3.67,5.8,4.22
tourist_area,53.4,normal,medium,1,no,3.44,5.51,4.49,4.96
tourist_area,12.9,holiday,high,5,no,8.11,5.67,7.57,7.12
office,15.3,holiday,medium,11,no,3.91,3.76,2.76,4.83
market,67.3,normal,low,11,no,6.9,1.61,6.83,2.15
residential,56.1,normal,medium,8,no,5.94,2.49,7.01,2.52
office,84.9,normal,high,8,yes,5.74,4.04,6.01,4.47
school,94.0,normal,high,5,no,4.5,4.85,6.15,4.04
market,65.3,normal,medium,10,no,9.41,3.13,9.37,3.09
tourist_area,5.6,normal,medium,2,no,4.63,6.5,4.54,5.91
residential,19.2,festival,high,12,yes,11.94,3.98,10.59,4.58
market,300.0,normal,low,6,no,8.28,0.69,8.39,0.97
residential,14.0,normal,medium,1,no,6.03,1.97,5.57,1.19
market,84.9,normal,medium,7,yes,11.64,3.21,11.58,2.62
residential,6.5,normal,low,11,no,3.3,0.49,3.4,1.53
residential,3.6,normal,medium,4,no,5.52,2.03,5.37,2.96
residential,40.4,normal,medium,5,no,4.85,2.74,5.03,2.1
school,151.3,normal,medium,6,no,3.44,3.12,4.51,3.29
office,104.2,normal,high,11,no,4.77,5.06,4.3,5.4
school,44.5,normal,medium,1,yes,2.4,4.84,2.64,4.69
tourist_area,64.4,normal,high,9,no,6.51,5.92,6.33,6.18
market,1.2,holiday,low,10,no,8.67,2.32,8.79,2.35
residential,126.9,normal,medium,4,no,5.82,2.02,5.77,2.66
office,33.5,normal,low,8,yes,2.87,3.11,2.79,2.29
residential,11.2,holiday,high,5,yes,12.54,2.46,10.59,2.74
tourist_area,70.9,normal,high,11,no,4.91,8.11,5.57,7.66
residential,98.5,normal,medium,8,no,4.78,0.93,5.04,1.49
tourist_area,7.3,holiday,high,1,no,5.8,7.39,6.13,7.56
residential,191.4,normal,medium,8,yes,7.67,2.75,6.75,2.87
tourist_area,150.4,normal,high,11,no,4.68,7.44,6.2,6.64
market,2.7,holiday,high,11,no,12.59,3.09,13.58,3.26
tourist_area,59.5,holiday,high,4,no,7.81,6.91,8.65,6.69
residential,14.9,festival,medium,2,no,7.44,3.61,7.95,3.29
school,22.3,normal,low,11,no,0.72,3.81,1.54,3.32
tourist_area,211.6,normal,medium,6,no,6.29,3.65,5.28,4.39
market,108.8,normal,low,2,no,4.42,2.3,6.12,2.53
school,9.1,normal,medium,5,no,3.29,3.04,2.52,3.56
school,7.2,normal,medium,2,no,3.15,3.64,2.63,3.93
market,2.5,normal,medium,3,no,7.53,2.13,8.17,2.3
school,24.8,festival,low,11,no,3.21,3.66,3.55,3.38
school,53.0,normal,low,6,no,1.36,2.27,2.03,1.8
tourist_area,15.9,normal,medium,1,no,4.49,5.25,4.12,4.92
residential,28.5,normal,high,6,no,7.91,3.05,7.51,2.93
residential,15.6,normal,medium,3,no,5.43,2.14,6.69,1.75
tourist_area,30.9,normal,medium,7,no,6.66,4.53,6.11,4.46
tourist_area,54.1,normal,high,2,no,4.97,7.03,5.1,6.7
market,16.0,normal,medium,6,no,9.48,1.14,9.19,1.63
school,63.9,normal,medium,8,no,1.29,2.89,2.09,3.64
residential,61.2,festival,medium,1,no,9.76,3.65,8.87,2.4
residential,41.1,festival,low,11,no,5.63,2.88,5.72,2.5
market,7.4,normal,high,11,no,12.41,3.83,12.27,2.94
market,23.7,normal,low,9,no,6.71,2.48,7.86,2.33
school,37.7,holiday,medium,5,no,4.4,5.14,3.62,5.05
residential,14.9,festival,low,5,no,8.35,2.69,7.6,1.81
tourist_area,43.6,normal,low,12,yes,3.97,4.65,3.52,4.18
tourist_area,17.7,holiday,high,5,no,7.53,7.29,7.92,6.32
school,73.3,normal,low,6,no,2.24,0.78,1.88,1.53
market,18.0,holiday,low,2,no,4.19,2.31,4.97,2.22
residential,124.5,festival,medium,6,no,10.18,2.88,8.92,2.68
office,69.8,normal,low,11,no,2.02,2.43,2.19,2.33
school,1.5,festival,low,4,no,2.81,2.78,3.16,2.65
residential,97.8,normal,high,8,no,6.95,2.68,8.47,3.21
tourist_area,1.0,festival,high,11,no,9.03,8.87,9.47,9.11
office,84.6,normal,high,9,no,5.54,3.81,4.84,3.38
tourist_area,235.9,holiday,high,9,no,6.89,6.99,6.67,6.33
office,83.7,normal,medium,8,no,4.2,2.49,3.2,2.3
school,80.8,normal,low,3,no,3.31,2.12,1.94,2.99
market,29.9,normal,high,10,no,10.24,4.21,11.99,4.37
tourist_area,81.6,festival,high,11,yes,10.79,10.0,11.19,10.29
office,42.5,holiday,high,11,no,6.7,5.61,5.64,6.35
residential,3.3,holiday,medium,4,no,7.82,3.06,6.64,3.56
residential,7.9,festival,low,1,no,4.85,2.23,4.54,2.19
market,40.7,normal,high,9,no,12.45,3.97,12.12,3.59
office,5.6,normal,high,5,no,5.41,4.44,5.82,4.16
tourist_area,66.0,normal,high,6,no,5.74,5.88,6.27,5.31
residential,19.1,normal,low,3,yes,4.14,1.82,3.31,2.72
school,93.9,normal,low,11,no,1.51,3.05,3.06,2.53
market,17.1,normal,low,10,no,5.82,2.04,5.42,2.45
tourist_area,156.6,normal,high,8,no,6.22,4.72,6.29,5.29
office,234.9,normal,low,7,yes,1.36,3.54,2.93,2.85
office,62.9,normal,low,1,no,2.83,3.15,2.79,3.68
market,7.0,normal,high,10,yes,15.0,4.49,14.25,3.9
market,20.6,festival,low,12,no,10.13,3.42,9.11,3.25
residential,12.8,holiday,high,5,no,8.72,2.78,8.23,2.85
residential,15.3,festival,medium,10,yes,10.17,3.6,9.3,4.19
office,14.1,normal,high,9,no,4.67,4.15,4.56,4.31
office,52.5,normal,medium,12,no,5.2,4.51,4.39,3.48
tourist_area,18.1,holiday,high,11,no,6.51,8.23,6.75,8.69
tourist_area,22.3,normal,high,12,no,6.03,7.14,5.92,7.48
school,300.0,normal,low,6,yes,2.56,3.12,2.0,2.44
office,59.2,normal,low,8,no,3.95,2.13,3.6,1.95
tourist_area,20.1,normal,medium,10,yes,6.63,6.13,6.92,5.51
office,44.6,normal,medium,1,no,3.02,4.87,2.83,4.23
residential,4.9,normal,high,10,no,5.88,2.44,6.18,2.87
market,28.4,normal,medium,11,no,7.29,3.22,7.85,3.06
residential,70.9,normal,medium,7,no,7.13,0.66,7.35,1.09
tourist_area,60.6,normal,low,3,no,3.63,4.01,2.94,2.99
school,57.6,holiday,high,9,no,3.73,5.08,4.88,5.36
residential,78.6,normal,high,6,no,9.02,1.82,8.83,1.38
school,27.4,normal,medium,5,yes,2.45,4.62,2.79,4.55
school,41.2,holiday,medium,8,no,4.03,4.33,4.54,3.34
market,69.3,normal,low,8,no,7.56,1.28,6.81,1.53
residential,16.2,normal,medium,12,no,3.96,1.77,4.6,2.26
school,13.1,normal,medium,12,no,4.22,4.85,3.74,4.91
market,22.3,normal,low,3,no,5.64,1.5,5.26,2.13
office,27.5,normal,medium,2,no,3.45,2.76,3.43,3.58
market,25.1,holiday,medium,2,no,9.55,3.74,9.6,2.9
office,31.9,normal,medium,5,no,2.13,2.21,2.5,2.62
school,11.0,normal,medium,10,no,4.54,4.21,4.26,5.01
school,4.1,normal,low,12,no,1.25,3.78,1.12,3.58
office,128.8,normal,high,7,no,5.3,3.12,5.32,2.99
market,213.1,normal,high,8,no,13.12,3.02,13.37,3.02
residential,8.9,normal,medium,10,no,3.66,3.35,3.87,2.79
residential,47.8,normal,low,8,no,5.66,0.91,5.44,0.64
office,20.7,normal,high,12,no,2.58,6.08,2.97,6.07
school,121.9,normal,high,8,no,4.25,4.59,3.27,4.72
office,32.3,normal,low,10,yes,2.52,2.99,1.52,2.37
residential,1.3,holiday,medium,12,no,5.73,4.37,6.19,3.85
residential,38.3,normal,low,11,no,2.38,1.53,2.21,1.42
residential,1.9,normal,medium,3,no,7.81,1.94,6.75,1.45
market,18.9,normal,low,11,no,5.58,2.9,5.94,1.97
school,52.8,holiday,medium,2,no,2.2,5.59,2.19,4.57
market,18.0,normal,medium,4,no,10.17,3.83,10.86,3.35
market,4.8,normal,medium,1,no,9.5,3.4,8.94,3.08
tourist_area,126.1,holiday,medium,3,yes,6.93,5.85,7.11,5.72
residential,66.0,holiday,medium,11,no,6.32,3.36,6.41,3.03
market,151.5,normal,medium,9,yes,13.29,3.48,12.34,3.67
office,70.0,normal,low,7,no,3.82,2.35,3.36,2.36
market,58.6,holiday,low,7,no,8.54,1.79,9.67,2.34
school,85.1,festival,high,1,no,4.6,7.22,5.38,6.95
office,111.7,festival,low,7,yes,4.95,1.92,6.14,3.2
tourist_area,57.4,normal,high,10,no,5.11,6.5,5.72,6.59
residential,98.8,normal,high,7,no,10.08,2.47,8.79,2.33
tourist_area,12.3,normal,medium,4,no,5.6,5.56,4.99,5.23
market,300.0,holiday,medium,7,no,12.21,2.0,11.81,1.7
residential,77.4,normal,medium,8,no,6.15,2.66,6.5,2.27
market,4.5,normal,high,3,no,10.85,4.35,10.52,4.3
tourist_area,7.4,holiday,high,10,no,7.19,7.21,5.46,7.59
market,19.7,normal,high,2,yes,11.46,5.31,13.25,4.9
residential,44.4,holiday,low,7,no,6.32,1.15,5.6,2.62
school,18.6,normal,medium,5,no,2.9,3.8,2.5,3.66
residential,16.3,normal,medium,5,no,5.22,2.04,6.34,1.39
residential,45.3,normal,medium,5,no,6.32,1.01,5.29,2.12
residential,109.3,holiday,low,7,no,4.35,0.89,5.48,1.5
residential,300.0,normal,low,9,no,4.0,1.17,3.8,1.39
residential,6.0,normal,high,11,yes,8.47,4.76,7.48,4.33
residential,125.2,festival,medium,8,no,8.72,3.53,9.94,3.33
school,62.9,normal,medium,6,no,4.62,4.05,4.5,4.5
residential,153.2,normal,medium,7,no,6.7,2.97,7.03,2.62
residential,300.0,normal,high,9,no,8.8,2.56,8.65,1.93
tourist_area,51.3,normal,high,11,no,7.49,6.75,7.32,5.25
market,91.6,normal,medium,6,no,9.94,2.16,9.23,2.51
school,19.9,normal,low,1,no,1.24,2.49,1.5,2.24
residential,54.1,normal,medium,4,no,4.6,1.57,4.33,1.86
residential,219.1,normal,high,8,no,7.1,3.06,6.71,2.48
residential,300.0,normal,medium,7,yes,7.64,1.64,7.84,1.53
residential,15.2,normal,medium,3,no,4.37,2.71,5.22,2.24
residential,141.0,normal,medium,10,no,5.59,3.14,5.24,2.48
residential,5.1,normal,medium,3,no,5.37,2.52,5.0,2.84
residential,8.8,normal,high,11,no,6.19,4.07,5.74,4.07
residential,2.8,normal,medium,3,no,4.44,3.07,4.57,2.25
market,9.5,normal,low,12,no,5.54,2.83,6.21,2.16
residential,43.8,holiday,low,1,no,4.55,2.26,4.88,2.35
market,57.5,normal,medium,10,no,10.34,2.5,10.05,3.17
market,45.3,festival,high,1,no,15.0,5.44,15.25,5.81
school,98.4,festival,medium,6,no,4.58,3.92,4.19,3.68
residential,21.6,normal,high,1,yes,5.66,4.71,6.82,4.89
office,37.0,normal,high,5,no,3.48,3.24,4.37,2.84
school,14.9,normal,low,4,no,2.63,3.58,2.27,3.07
residential,55.2,holiday,low,5,no,5.47,1.2,5.04,1.69
office,103.6,normal,low,7,no,1.18,2.28,2.5,1.22
tourist_area,115.3,normal,high,6,no,8.35,5.21,7.67,6.26
residential,23.0,normal,low,12,yes,5.09,2.17,5.19,2.89
residential,252.0,holiday,medium,9,no,6.66,2.78,6.68,2.89
office,64.5,holiday,medium,6,no,2.61,4.45,2.62,3.57
office,83.2,normal,high,9,yes,5.06,4.99,6.11,4.94
residential,45.1,normal,low,4,no,2.75,2.23,3.32,2.32
residential,20.4,normal,medium,1,yes,4.35,1.65,4.37,1.83
market,66.0,normal,medium,1,no,7.11,2.08,6.61,2.44
market,12.8,holiday,medium,10,no,10.34,4.35,9.61,4.35
school,50.1,normal,high,7,yes,4.92,5.08,4.63,4.5
market,65.9,normal,low,3,yes,6.46,1.63,7.94,2.15
market,18.7,normal,high,2,yes,11.61,4.66,11.51,3.94
office,57.6,holiday,medium,6,yes,5.99,3.48,6.45,3.39
residential,53.9,holiday,medium,6,no,7.29,2.58,7.1,2.31
residential,93.0,normal,medium,7,no,6.0,1.82,5.31,2.15
office,32.0,holiday,medium,5,no,4.39,3.59,3.95,3.3
tourist_area,56.2,normal,low,8,no,5.15,2.85,3.9,2.96
market,210.5,normal,medium,7,no,10.65,3.55,10.11,2.69
market,45.3,normal,medium,2,no,7.34,3.12,6.97,2.83
residential,6.3,normal,medium,1,no,4.48,2.68,3.39,3.22
market,143.5,normal,medium,9,no,8.48,3.15,9.81,2.39
market,27.7,festival,high,5,no,15.0,4.09,17.01,4.67
residential,6.1,normal,medium,12,no,3.64,2.16,3.68,2.48
residential,9.6,normal,low,11,no,5.95,2.25,5.21,1.83
market,15.8,normal,medium,5,no,7.91,3.14,8.0,2.41
residential,36.0,normal,high,12,no,8.33,3.49,5.98,3.06
residential,30.5,festival,high,10,no,10.65,3.89,12.47,3.69
residential,22.8,normal,medium,4,no,4.78,1.61,5.09,1.88
residential,43.9,normal,high,2,no,4.88,4.24,5.03,4.07
residential,42.6,holiday,medium,5,no,7.2,3.15,5.83,2.77
tourist_area,28.9,normal,medium,2,no,4.35,5.83,3.35,5.37
school,46.4,normal,high,12,no,4.51,6.61,5.0,6.24
school,58.7,normal,high,7,yes,5.86,5.82,6.33,5.79
office,63.9,normal,medium,11,no,1.8,4.09,2.75,4.2
market,139.3,festival,high,9,no,15.0,3.9,16.3,3.5
residential,156.8,holiday,low,9,yes,4.08,3.02,5.74,2.49
market,23.7,normal,high,11,no,11.81,3.71,11.97,4.47
school,86.6,holiday,medium,6,no,4.65,4.42,4.59,3.6
office,23.5,normal,low,1,no,4.12,2.52,3.57,2.57
market,83.6,normal,low,6,yes,9.0,2.19,8.03,2.11
residential,35.9,normal,medium,5,no,5.56,1.74,4.84,1.72
residential,19.4,normal,medium,4,no,4.49,1.74,4.5,2.73
market,54.3,normal,medium,12,no,8.85,3.72,8.97,3.58
school,89.2,normal,low,6,no,0.77,1.19,0.52,2.4
school,111.5,festival,medium,6,no,4.72,4.03,4.56,4.19
market,22.6,normal,medium,6,no,8.72,2.58,9.06,2.8
tourist_area,124.5,normal,medium,2,no,4.91,4.25,5.1,4.26
school,201.5,normal,medium,7,no,3.68,2.93,3.86,2.76
residential,46.7,normal,high,4,no,6.79,3.31,6.34,3.37
residential,12.0,normal,high,12,no,5.46,3.95,6.72,4.04
residential,97.0,normal,high,9,no,6.85,2.91,6.4,3.16
residential,4.4,holiday,medium,10,no,5.17,3.73,6.21,3.51
residential,23.2,normal,high,2,no,6.35,3.31,5.92,2.7
residential,4.7,normal,low,5,no,4.21,1.18,4.28,1.01
residential,24.2,normal,low,4,no,2.15,1.79,3.01,2.11
residential,73.9,normal,medium,9,no,5.33,3.28,5.52,1.93
tourist_area,14.8,normal,high,4,yes,6.41,6.97,7.27,7.34
residential,99.3,holiday,low,8,no,5.8,1.48,5.84,1.52
market,185.5,normal,low,8,yes,8.44,1.27,9.17,2.01
market,18.8,normal,low,6,no,8.37,1.28,8.25,1.72
tourist_area,191.3,normal,high,6,no,7.88,6.51,6.91,5.66
residential,5.6,normal,medium,11,yes,6.22,3.43,6.26,3.05
market,44.9,normal,medium,8,no,11.14,1.69,10.3,1.85
tourist_area,6.2,holiday,medium,12,no,6.49,6.12,5.28,6.6
office,43.5,normal,medium,12,no,1.07,4.65,1.62,3.3
office,15.6,holiday,medium,10,no,5.65,3.04,4.97,3.54
residential,188.6,normal,low,9,no,2.51,1.37,3.36,1.03
residential,22.3,holiday,high,5,no,10.17,4.06,10.32,3.85
school,0.7,normal,medium,11,no,1.74,4.3,2.83,4.46
tourist_area,37.8,normal,medium,1,no,3.68,6.24,4.08,5.01
school,3.5,normal,low,1,no,2.66,3.54,2.6,3.17
school,46.7,festival,medium,2,no,3.34,4.39,3.47,4.83
residential,5.5,normal,medium,10,no,4.74,1.6,5.35,2.04
office,12.7,normal,medium,10,yes,4.95,4.34,4.71,4.24
residential,43.0,normal,low,5,no,3.63,0.57,3.81,0.48
residential,92.5,holiday,high,4,no,11.04,3.25,11.4,2.85
market,13.9,normal,low,1,no,5.96,1.77,5.6,1.34
market,53.1,holiday,medium,4,no,11.53,3.28,12.14,3.5
residential,6.4,normal,high,4,no,7.14,3.49,6.31,3.25
residential,49.4,normal,medium,10,no,5.08,3.3,5.6,2.89
school,32.1,normal,high,4,no,2.28,5.53,3.66,4.47
residential,6.4,festival,medium,1,no,7.03,2.14,5.93,2.69
school,59.0,normal,medium,9,no,1.64,3.97,2.16,4.09
residential,4.2,festival,high,3,no,9.02,5.31,9.82,3.95
market,14.5,normal,medium,4,no,10.89,1.28,10.27,1.74
market,6.8,normal,medium,5,no,9.0,3.19,9.37,2.29
residential,87.2,normal,high,7,yes,8.81,3.17,9.21,3.02
residential,300.0,normal,medium,6,yes,7.86,1.98,6.99,1.75
residential,0.4,holiday,medium,5,no,7.24,3.33,8.41,3.19
residential,124.2,festival,medium,8,yes,9.98,4.15,10.03,3.83
tourist_area,25.6,festival,high,1,no,8.53,9.08,8.87,9.53
residential,214.8,holiday,high,7,yes,12.71,3.09,12.01,3.27
office,21.2,normal,medium,12,no,2.19,3.47,1.09,3.86
residential,99.2,normal,medium,6,no,6.22,2.06,5.54,1.83
school,19.1,festival,high,11,no,4.16,7.81,3.73,7.06
office,9.4,normal,low,5,no,2.77,1.92,3.31,2.44
school,3.4,holiday,low,7,no,1.18,2.9,1.41,3.38
market,15.8,holiday,high,3,no,13.27,5.63,12.91,5.38
market,1.6,normal,high,1,yes,11.68,5.71,11.35,5.45
residential,73.6,festival,high,9,no,11.62,4.54,11.64,3.76
tourist_area,11.0,normal,medium,2,no,4.89,4.09,4.13,5.05
office,22.9,normal,low,10,no,2.63,1.92,3.1,2.41
tourist_area,4.3,normal,medium,3,no,5.31,5.24,5.08,5.99
residential,254.4,normal,low,8,yes,4.73,0.85,4.67,0.7
office,67.5,normal,medium,12,no,2.96,5.25,3.45,5.04
tourist_area,6.3,normal,high,10,no,6.25,7.73,6.24,7.42
residential,79.1,holiday,low,9,no,3.44,1.62,4.06,1.54
residential,28.5,festival,high,3,yes,10.7,6.34,10.27,6.35
office,82.6,normal,medium,6,no,4.1,3.09,3.83,3.22
school,99.6,normal,medium,7,no,3.49,4.84,3.5,3.71
office,8.7,festival,low,1,no,3.34,3.89,4.09,3.59
residential,220.6,normal,medium,7,no,5.55,2.07,5.38,1.58
office,57.4,normal,low,4,no,1.54,2.77,3.25,2.34
residential,26.0,normal,high,5,no,8.4,3.51,8.36,3.58
residential,104.5,normal,high,8,no,7.68,3.13,6.89,3.39
residential,80.1,normal,medium,4,yes,6.8,2.41,6.1,2.69
office,80.8,festival,low,4,yes,4.54,4.29,5.34,3.63
school,294.9,normal,high,8,no,4.08,3.41,4.87,3.84
market,4.0,normal,medium,5,no,10.72,3.2,10.19,3.33
market,94.3,normal,low,6,no,5.86,0.86,6.61,0.39
office,33.9,normal,medium,12,no,2.43,2.72,1.91,3.34
market,23.4,normal,high,11,no,11.94,3.76,12.58,3.86
office,0.6,holiday,low,5,no,4.33,3.11,3.19,3.31
market,1.9,holiday,low,1,no,5.75,3.08,6.77,3.01
market,227.2,normal,high,7,no,15.0,3.41,15.56,3.45
market,195.6,festival,low,6,no,11.63,3.15,11.79,2.51
residential,13.3,holiday,low,2,no,3.6,1.84,4.37,1.93
office,66.5,holiday,medium,11,no,0.5,3.01,2.87,3.98
market,111.5,normal,high,7,no,15.0,1.4,14.74,2.17
residential,191.9,normal,medium,6,no,6.84,1.33,6.42,1.72
tourist_area,16.7,normal,high,5,no,5.44,6.0,5.91,5.28
market,60.6,normal,medium,8,no,9.44,2.55,9.19,2.52
market,17.1,normal,low,5,no,7.13,2.45,6.64,1.31
tourist_area,18.3,normal,high,11,yes,8.55,9.37,8.28,8.75
school,24.0,festival,medium,2,yes,2.07,5.89,2.8,6.15
residential,79.4,festival,medium,6,no,9.97,2.67,9.82,3.06
tourist_area,142.7,festival,medium,12,yes,8.84,9.12,7.66,8.44
school,8.4,normal,medium,1,no,1.6,3.99,1.83,4.25
residential,6.6,normal,low,5,no,4.51,2.74,4.98,2.89
residential,52.1,normal,low,6,no,5.97,1.12,4.66,1.01
office,107.0,normal,medium,7,no,4.1,2.38,3.93,1.89
school,17.4,normal,high,2,no,3.93,6.56,2.47,6.11
market,44.3,normal,medium,1,no,8.61,3.88,7.55,2.99
tourist_area,84.2,normal,high,6,no,6.82,6.5,7.43,5.69
office,28.2,holiday,medium,3,no,3.74,4.57,3.44,4.68
residential,38.6,normal,medium,5,no,4.25,2.15,5.87,3.05
residential,0.8,holiday,low,12,no,1.96,3.48,3.15,2.5
residential,25.4,normal,low,11,no,4.37,1.33,4.45,1.24
office,64.7,normal,medium,2,yes,3.0,4.25,2.45,4.05
residential,0.5,normal,high,1,no,6.92,3.02,6.41,2.95
school,15.6,normal,high,1,no,1.98,4.9,2.0,6.01
office,78.2,normal,high,11,no,5.45,4.95,4.28,4.63
office,13.1,normal,low,4,no,2.02,2.48,2.56,2.23
residential,18.4,normal,high,10,no,7.69,3.27,7.9,3.98
office,119.8,normal,medium,2,yes,3.05,4.58,3.38,4.64
residential,6.7,normal,low,1,yes,2.42,1.69,2.59,2.38
office,80.1,festival,high,6,yes,7.09,5.7,7.93,5.49
residential,58.9,normal,medium,4,yes,5.94,2.92,4.93,2.64
market,60.9,holiday,low,10,yes,10.31,3.24,10.72,2.61
office,19.2,normal,medium,12,no,3.09,4.3,2.22,4.52
residential,125.2,festival,medium,7,no,9.43,1.98,8.77,2.82
residential,54.2,holiday,high,11,no,9.57,4.71,9.1,4.1
office,141.2,normal,medium,6,no,3.29,3.18,3.53,2.89
office,9.2,normal,high,5,yes,6.55,4.71,5.99,4.74
school,0.5,festival,low,10,no,4.56,2.98,3.26,2.58
school,19.6,normal,medium,12,no,3.31,5.57,3.62,4.81
market,58.8,normal,medium,12,no,7.88,3.52,7.0,3.8
residential,67.9,normal,medium,12,no,4.49,3.1,3.74,2.57
residential,93.9,holiday,medium,12,no,5.48,4.03,5.56,3.69
residential,63.5,holiday,high,2,no,7.06,3.19,6.44,2.84
tourist_area,26.0,normal,high,5,no,6.42,5.18,7.28,5.45
school,114.7,normal,high,9,no,3.31,4.95,2.78,4.52
market,187.4,normal,high,9,no,12.43,3.3,13.6,2.76
market,40.4,normal,high,2,no,11.71,4.15,11.82,4.4
tourist_area,99.5,festival,medium,7,no,8.27,6.31,9.08,6.24
residential,2.7,normal,high,10,no,7.14,1.68,8.17,1.95
school,78.1,normal,medium,4,no,1.56,4.48,2.06,4.02
market,18.2,normal,medium,3,no,9.06,3.3,8.07,3.15
school,13.5,holiday,medium,11,yes,3.76,6.64,3.62,5.55
residential,29.8,normal,medium,1,no,3.97,0.57,3.9,0.85
office,33.6,normal,medium,3,no,4.05,4.56,3.15,4.61
tourist_area,7.1,normal,high,11,no,5.0,6.39,5.53,6.19
school,225.4,normal,medium,9,no,2.11,3.2,2.22,3.83
school,65.1,normal,low,9,no,2.12,2.9,1.64,2.12
tourist_area,51.2,normal,medium,7,no,6.42,4.05,5.86,4.4
office,15.6,normal,low,3,yes,2.91,3.53,3.09,3.11
residential,39.3,festival,low,3,no,7.48,2.37,7.29,2.21
school,101.0,holiday,low,4,no,1.93,3.76,1.17,4.22
school,181.6,festival,medium,7,no,3.83,4.35,4.03,3.67
market,244.4,normal,medium,7,no,10.36,2.99,10.4,2.95
office,4.5,festival,high,12,no,6.42,6.5,5.53,6.88
tourist_area,2.2,normal,high,12,no,5.49,6.59,5.53,8.49
tourist_area,24.5,normal,medium,2,yes,4.77,6.34,4.87,5.77
market,10.3,normal,medium,12,no,7.67,4.04,8.15,3.49
residential,52.8,normal,medium,5,yes,6.84,3.2,6.78,3.36
tourist_area,125.2,normal,high,7,yes,9.6,5.76,8.73,5.96
office,300.0,normal,low,7,yes,4.03,2.41,4.98,2.12
residential,62.4,normal,low,6,no,3.56,0.87,4.39,1.59
tourist_area,20.0,normal,high,10,no,5.43,6.64,6.08,6.43
office,20.9,normal,medium,10,no,4.39,3.69,4.47,3.19
market,8.2,normal,low,12,no,6.26,3.72,6.33,3.46
school,73.1,normal,low,8,no,3.91,1.74,4.0,2.19
market,17.6,holiday,high,3,no,13.69,4.94,13.51,4.54
residential,17.8,holiday,high,1,no,7.25,3.23,7.35,3.37
residential,13.5,normal,high,3,no,9.51,2.99,8.66,2.66
office,0.5,normal,medium,11,no,3.5,4.39,4.25,4.44
residential,22.2,normal,medium,2,no,5.25,1.95,5.87,2.05
residential,12.3,holiday,high,2,no,7.87,3.59,8.0,3.34
market,0.0,normal,high,2,no,11.44,3.17,11.3,2.96
market,11.0,normal,low,5,no,7.69,1.68,7.84,1.97
tourist_area,9.8,normal,high,1,no,5.02,7.24,5.84,6.81
residential,15.0,normal,low,10,no,5.08,0.8,5.36,0.32
residential,4.2,normal,low,4,no,3.12,1.17,3.31,0.85
office,21.3,holiday,medium,10,no,3.31,3.33,4.25,3.52
market,35.4,normal,medium,5,no,9.24,2.41,9.53,2.46
residential,29.8,normal,high,2,no,6.73,4.24,6.88,3.7
market,48.9,holiday,low,5,yes,9.35,2.47,10.46,2.38
residential,18.0,holiday,medium,10,no,6.47,2.6,6.79,2.05
residential,22.0,normal,high,4,no,7.84,3.29,8.11,2.79
market,172.1,normal,high,8,no,13.31,3.29,13.27,3.76
market,16.7,normal,low,1,no,6.24,3.93,7.0,3.61
tourist_area,36.3,festival,medium,12,no,7.33,7.16,7.49,7.51
market,17.1,normal,medium,5,yes,12.9,3.22,12.25,3.5
school,16.2,festival,low,11,no,1.59,4.79,2.78,4.8
school,42.8,normal,high,12,no,1.2,6.15,3.57,5.52
residential,5.8,normal,high,10,yes,7.42,4.52,7.01,4.28
school,12.4,normal,low,1,no,2.65,2.35,1.8,2.1
residential,7.6,normal,low,10,yes,5.19,3.76,6.53,2.53
tourist_area,13.3,normal,low,10,no,2.2,3.51,2.96,3.66
residential,7.9,normal,high,4,no,7.69,3.09,7.57,3.51
market,91.1,normal,low,8,no,8.73,1.27,8.17,1.4
residential,48.0,festival,medium,1,no,7.82,2.8,8.31,3.79
tourist_area,46.3,normal,medium,11,yes,7.07,6.69,7.96,6.68
market,13.6,holiday,medium,2,no,10.53,1.86,9.6,2.25
school,134.6,normal,low,1,no,0.81,2.33,1.14,2.04
residential,27.0,normal,low,11,no,3.76,2.19,3.56,2.5
office,95.6,normal,high,7,no,4.83,5.02,5.3,4.49
residential,54.2,normal,high,2,no,6.99,2.32,7.39,3.04
tourist_area,39.3,festival,high,1,no,10.24,8.38,10.62,7.34
residential,41.5,normal,low,12,no,3.62,2.27,4.07,2.25
residential,70.2,normal,medium,6,no,2.69,2.18,5.47,1.93
residential,116.9,normal,medium,6,no,4.21,1.83,4.55,1.32
market,59.4,normal,medium,10,yes,8.38,3.73,8.68,3.63
school,21.0,normal,high,2,no,3.32,4.75,4.1,5.47
residential,34.5,holiday,medium,1,no,6.08,2.88,5.95,3.94
office,26.6,holiday,low,10,no,2.66,1.0,1.88,1.91
market,55.4,normal,high,3,no,10.63,3.3,10.61,3.18
market,10.0,normal,high,10,no,13.15,3.4,12.74,3.27
market,25.7,normal,low,5,yes,9.21,2.94,8.47,3.1
market,67.9,normal,medium,6,no,8.27,3.74,8.33,2.76
school,35.2,normal,medium,3,no,1.38,4.12,1.66,4.29
residential,160.6,normal,medium,9,no,5.71,2.82,5.04,2.65
residential,1.3,normal,low,11,yes,6.6,2.38,6.11,2.43
office,33.8,normal,medium,5,yes,4.99,3.33,3.4,2.87
tourist_area,16.1,normal,high,2,yes,6.78,8.8,6.71,8.3
market,4.0,normal,medium,10,no,8.29,3.42,8.76,2.57
residential,67.4,normal,low,6,no,5.15,1.97,4.79,1.49
school,6.5,normal,medium,12,no,2.46,4.62,3.08,5.02
market,96.3,holiday,medium,8,no,10.5,3.06,10.29,3.54
residential,14.6,normal,high,11,no,5.19,3.0,5.4,3.32
residential,179.9,normal,medium,6,no,5.35,1.07,5.42,1.25
office,44.6,normal,low,4,no,1.52,2.24,2.3,2.98
school,96.2,holiday,low,6,no,3.05,3.44,3.02,2.86
residential,77.7,normal,high,8,no,5.4,2.9,7.7,2.32
residential,229.5,normal,medium,8,no,5.86,2.48,5.47,2.57
residential,34.8,normal,high,10,no,5.41,3.84,5.19,3.76
school,1.0,holiday,low,2,no,3.2,2.56,3.8,2.64
residential,151.2,festival,medium,8,no,8.87,2.12,8.17,2.41
residential,62.7,normal,medium,6,no,5.78,2.02,6.22,2.28
office,26.0,festival,high,2,no,5.43,6.05,4.95,6.11
residential,18.9,festival,high,1,yes,10.14,5.87,9.41,5.85
school,95.1,festival,low,6,no,3.4,3.05,3.19,2.84
residential,223.5,normal,medium,7,yes,7.23,1.71,7.83,2.24
residential,17.3,normal,low,10,no,2.35,2.54,2.21,2.19
residential,2.4,normal,medium,5,no,4.48,2.63,5.24,2.27
office,87.9,holiday,medium,10,no,4.3,3.7,4.54,3.67
office,210.8,normal,high,8,no,5.42,3.64,4.46,3.59
office,34.6,normal,high,11,no,6.24,5.18,5.24,4.38
market,18.9,normal,medium,12,yes,8.53,4.11,9.89,3.85
school,55.9,holiday,medium,9,yes,4.13,5.23,4.42,5.18
residential,46.9,holiday,high,4,no,7.99,3.38,8.08,2.82
residential,32.3,normal,high,7,no,8.59,3.68,8.62,2.97
tourist_area,15.5,holiday,low,8,no,4.44,4.48,4.12,5.1
residential,79.2,normal,medium,6,yes,5.7,2.57,6.86,2.07
residential,5.2,holiday,medium,2,no,5.61,1.9,6.2,2.19
residential,25.5,normal,low,7,no,5.13,1.49,4.93,1.11
residential,91.7,normal,low,9,yes,4.58,2.13,4.84,1.97
residential,4.4,festival,low,5,yes,10.27,2.85,8.58,2.35
school,5.2,normal,medium,2,no,1.69,3.69,1.1,3.75
market,2.4,holiday,medium,4,no,10.96,3.06,10.64,2.83
tourist_area,6.9,normal,low,3,no,1.82,3.96,2.32,4.19
office,37.7,normal,low,4,no,2.39,1.73,3.03,2.02
residential,49.7,normal,high,10,no,4.93,3.43,6.3,2.87
residential,108.3,normal,high,7,no,7.73,3.22,8.03,3.34
market,21.2,normal,medium,10,no,9.79,2.86,10.08,2.48
school,13.0,normal,medium,8,no,1.96,3.82,1.76,2.96
residential,2.2,normal,high,1,yes,6.71,4.84,7.61,4.53
school,69.3,normal,low,8,no,4.24,1.63,2.95,2.82
market,23.6,festival,low,5,no,8.9,1.66,10.46,1.21
school,40.4,festival,medium,12,no,2.69,5.24,3.09,4.93
market,86.2,normal,low,7,no,5.9,1.27,5.42,1.81
residential,14.9,holiday,medium,11,no,4.05,2.63,5.28,2.55
tourist_area,3.8,normal,high,11,no,5.63,7.89,6.3,7.77
office,45.5,normal,medium,1,no,3.49,5.11,2.94,4.06
residential,13.6,holiday,medium,2,no,4.6,2.62,4.71,2.82
office,40.0,festival,high,1,no,7.55,5.98,6.77,6.82
market,21.6,normal,low,5,no,7.48,2.24,6.15,1.56
tourist_area,153.3,holiday,low,6,no,5.24,3.75,3.66,4.02
office,71.3,normal,medium,10,no,4.59,4.08,4.78,4.08
market,218.0,festival,medium,9,yes,15.0,2.81,15.61,2.67
residential,76.5,normal,low,8,no,4.78,1.5,5.74,1.74
residential,109.7,normal,medium,7,no,5.2,0.97,6.37,1.48
market,9.3,normal,medium,12,no,8.7,4.29,9.4,3.95
school,82.4,normal,medium,5,yes,2.6,4.97,2.5,4.84
residential,18.4,normal,medium,3,yes,4.88,2.74,4.22,2.68
residential,38.5,festival,medium,9,no,7.6,2.98,7.29,3.0
office,17.0,normal,low,5,no,1.13,2.02,1.4,2.23
tourist_area,4.1,normal,medium,3,no,4.71,5.21,3.11,5.4
market,20.9,normal,low,3,no,5.0,2.43,5.15,1.57
residential,24.7,normal,high,3,yes,8.66,2.73,8.12,3.81
residential,64.7,normal,medium,6,no,4.62,3.08,4.34,2.14
residential,2.2,normal,medium,1,no,4.62,3.58,3.99,3.49
tourist_area,86.2,normal,high,11,no,6.74,5.81,6.4,6.28
residential,44.5,normal,medium,4,no,4.29,1.96,4.91,1.55
school,132.6,normal,medium,8,no,1.38,4.08,1.48,3.96
residential,13.7,holiday,high,3,yes,7.78,5.05,8.49,4.35
school,42.9,festival,high,5,no,5.47,5.8,5.69,6.42
school,19.9,normal,medium,2,yes,2.05,5.04,2.33,4.67
office,6.7,normal,low,2,yes,3.5,4.56,2.67,3.2
residential,4.0,normal,medium,11,no,3.27,2.52,3.16,3.29
residential,90.7,normal,high,7,no,7.44,1.85,8.74,2.3
residential,4.4,normal,low,10,no,5.84,1.68,5.41,2.1
tourist_area,190.8,normal,low,3,no,2.91,2.89,3.7,2.63
office,1.5,normal,high,5,no,3.92,4.07,4.08,3.27
school,17.5,normal,low,3,no,1.15,2.88,1.31,3.56
school,101.4,normal,high,6,no,3.44,3.46,3.95,3.88
school,10.7,holiday,medium,10,no,4.49,3.81,2.82,4.38
residential,25.4,festival,medium,3,no,7.03,3.33,6.51,3.55
tourist_area,52.4,normal,low,8,yes,3.75,2.32,3.63,2.76
market,46.0,normal,high,2,yes,11.58,5.79,11.61,5.43
market,12.1,holiday,medium,3,no,10.65,2.49,9.75,3.6
market,76.4,festival,medium,8,no,15.0,1.77,15.38,2.44
residential,158.4,normal,medium,8,no,6.07,1.85,6.09,2.36
residential,66.0,normal,high,1,no,7.02,3.25,7.58,2.39
office,162.2,normal,high,8,no,4.6,4.1,6.19,4.43
residential,28.1,normal,medium,10,no,5.17,2.71,4.4,1.92
school,14.7,normal,medium,2,no,2.19,3.54,2.31,4.23
residential,21.0,normal,high,12,no,5.19,4.0,5.78,4.04
market,140.7,normal,medium,7,no,10.16,2.02,10.25,2.15
residential,243.7,normal,medium,6,no,5.93,2.12,5.36,2.01
market,3.3,holiday,low,2,no,7.79,2.22,6.88,2.21
office,14.6,normal,high,5,no,3.52,4.5,4.05,3.98
residential,138.2,normal,medium,7,no,6.96,2.2,6.06,2.02
school,97.3,normal,medium,8,no,3.33,2.72,3.27,3.99
market,12.1,normal,medium,3,yes,10.45,3.18,9.95,3.94
school,15.9,festival,low,1,no,1.44,4.13,2.02,3.59
tourist_area,120.5,normal,medium,7,no,5.47,5.25,4.9,4.83
office,256.3,normal,low,5,yes,4.03,1.41,3.76,1.93
residential,20.4,holiday,medium,5,no,5.39,3.06,5.36,2.8
residential,65.3,normal,medium,7,no,6.29,1.26,6.27,1.17
residential,5.3,festival,medium,1,no,6.95,3.72,7.83,3.78
school,48.9,normal,high,8,no,4.73,4.56,4.57,4.88
residential,24.5,normal,high,12,no,6.55,3.98,6.7,3.48
market,23.6,normal,high,10,no,11.11,3.74,11.87,4.68
school,6.9,normal,low,5,no,1.02,2.94,0.6,3.46
residential,136.8,holiday,low,8,no,5.39,1.14,6.41,1.62
office,40.5,holiday,medium,10,no,5.13,2.96,3.93,2.86
residential,9.0,normal,high,10,yes,6.93,3.15,7.94,3.69
residential,12.7,normal,high,5,yes,10.53,3.9,10.28,3.91
office,139.6,holiday,high,12,no,4.11,5.69,3.84,5.92
market,80.7,festival,medium,7,yes,15.0,2.4,17.1,3.8
school,42.9,normal,medium,10,no,1.66,4.47,2.33,4.15
market,18.1,normal,medium,3,no,8.69,2.78,9.59,3.76
residential,47.3,normal,low,2,no,3.0,0.91,3.28,1.47
office,149.0,holiday,low,6,no,3.5,2.79,3.33,2.45
office,33.1,normal,high,5,no,4.98,4.86,4.48,5.61
school,215.0,normal,low,9,no,2.09,2.86,1.06,3.01
residential,84.0,holiday,low,10,yes,4.68,3.31,4.83,2.68
school,26.0,normal,low,4,no,2.0,1.57,1.83,2.09
market,8.1,normal,high,11,no,10.52,4.28,11.07,4.53
residential,15.3,normal,medium,3,yes,6.77,2.33,5.46,2.55
tourist_area,120.2,normal,medium,9,no,4.02,5.09,4.27,4.83
residential,139.4,normal,high,8,yes,9.03,3.49,9.56,3.02
tourist_area,71.2,normal,medium,6,no,5.75,5.73,5.96,4.32
market,1.6,normal,medium,1,no,8.31,2.6,7.0,2.89
residential,34.5,normal,low,10,no,5.09,1.07,5.02,1.43
market,8.7,holiday,low,12,no,7.76,2.36,7.42,2.78
office,20.8,holiday,high,11,no,6.14,6.6,5.53,5.89
office,41.2,normal,high,1,yes,4.08,5.59,2.81,5.05
office,24.8,normal,medium,12,no,3.12,4.21,3.92,3.67
school,60.5,normal,medium,6,no,2.87,3.34,3.0,3.86
school,6.2,normal,medium,3,no,2.82,4.2,1.72,3.77
office,7.4,normal,low,3,no,1.35,1.63,1.89,1.77
residential,84.6,normal,low,6,no,4.9,1.48,4.91,1.34
market,25.0,normal,low,3,no,7.57,1.7,7.71,1.57
residential,21.0,normal,medium,11,no,5.15,2.7,4.92,2.38
tourist_area,6.8,normal,high,10,no,6.06,6.87,6.13,6.3
tourist_area,43.4,normal,medium,6,no,4.16,5.67,4.2,5.69
residential,5.6,normal,low,5,no,3.81,1.49,4.3,1.85
office,124.8,normal,medium,4,no,2.31,3.17,2.22,3.73
tourist_area,50.1,normal,high,8,no,5.82,4.72,5.79,5.74
residential,60.6,festival,low,2,no,5.02,2.15,5.1,1.14
school,56.7,festival,low,12,no,3.62,4.19,2.56,4.3
tourist_area,21.5,normal,medium,11,yes,4.95,6.61,6.07,6.31
residential,130.6,normal,high,7,no,9.98,3.72,10.44,3.73
school,6.4,normal,medium,4,no,3.52,2.17,2.89,2.57
residential,35.0,normal,high,2,yes,5.97,4.73,5.64,3.92
tourist_area,43.9,normal,high,7,no,8.62,5.58,8.27,4.87
tourist_area,53.5,holiday,high,1,no,6.22,8.12,6.16,7.79
tourist_area,2.6,normal,medium,4,no,3.38,3.72,4.62,4.59
market,136.6,holiday,medium,9,no,12.2,3.62,11.41,3.46
office,3.2,normal,low,4,no,2.6,3.28,2.83,2.31
office,63.9,normal,high,12,yes,3.65,6.95,4.11,7.59
residential,10.9,holiday,medium,3,no,6.41,2.97,5.73,3.19
office,31.9,normal,low,10,no,3.91,1.87,3.42,2.47
residential,20.1,normal,medium,10,no,5.93,2.44,6.14,3.04
school,13.7,normal,medium,2,no,2.1,4.59,2.22,3.61
residential,31.1,normal,medium,3,no,3.86,2.31,4.29,1.95
residential,88.4,festival,medium,1,no,8.56,4.49,7.53,4.32
residential,1.3,normal,medium,10,no,5.24,2.71,5.87,2.25
school,203.4,festival,high,8,no,6.96,5.32,7.34,5.23
residential,28.2,festival,medium,1,no,7.39,4.28,7.06,3.84
office,49.4,holiday,medium,3,no,2.49,3.03,2.81,2.83
residential,14.5,normal,medium,3,no,3.29,2.91,4.73,2.53
residential,19.2,normal,medium,2,no,4.17,3.14,3.63,3.28
market,60.9,holiday,high,5,no,13.15,4.16,14.41,4.43
office,16.1,normal,medium,10,no,4.09,3.1,3.35,3.77
residential,22.9,normal,medium,3,no,5.37,1.97,6.2,2.63
school,0.6,normal,low,3,no,1.67,2.91,1.75,3.02
tourist_area,43.5,normal,high,8,no,6.64,6.66,7.57,6.31
school,30.8,normal,medium,4,no,4.49,3.78,3.3,3.88
residential,37.9,normal,high,4,no,7.86,2.61,6.83,2.52
residential,26.2,normal,low,3,yes,4.14,2.22,4.04,1.69
office,4.6,holiday,low,11,no,2.14,3.18,2.52,2.81
residential,17.7,normal,medium,1,no,3.39,2.83,3.58,2.58
office,61.1,festival,high,8,no,8.72,3.98,8.62,4.15
market,20.5,normal,medium,1,no,7.19,2.12,7.33,2.76
tourist_area,145.7,holiday,high,7,no,9.07,4.29,7.77,5.14
office,44.9,normal,medium,5,no,4.21,2.73,4.19,3.06
tourist_area,2.6,holiday,medium,4,no,4.63,6.06,4.52,5.95
market,66.3,normal,low,4,no,6.09,2.29,6.16,2.67
office,101.8,holiday,high,8,no,6.62,4.57,7.2,4.47
market,40.9,normal,low,11,no,7.91,2.92,8.39,3.06
market,4.5,festival,high,11,no,15.0,4.99,15.78,5.44
school,167.7,festival,high,6,no,4.64,5.73,5.64,6.16
office,8.1,normal,high,12,yes,4.82,6.46,4.38,7.14
tourist_area,17.3,normal,medium,1,no,3.36,6.64,3.51,6.26
office,0.5,holiday,medium,10,no,2.74,3.72,2.75,3.9
market,64.4,normal,high,8,no,13.43,4.61,12.39,4.07
market,2.9,holiday,low,2,no,7.54,2.84,7.34,2.46
office,56.4,normal,medium,6,no,3.69,3.34,3.79,2.97
residential,46.9,normal,low,9,no,3.28,0.2,3.21,1.23
residential,35.3,festival,medium,1,no,10.43,4.1,9.79,3.34
market,33.8,normal,low,6,no,7.3,1.49,7.08,2.37
residential,113.8,holiday,low,8,no,6.18,1.53,5.46,1.53
residential,4.5,normal,medium,10,no,3.27,1.33,4.32,3.14
residential,87.1,normal,medium,2,no,4.39,2.35,3.55,2.09
residential,81.1,normal,medium,5,no,4.58,2.6,5.54,2.54
residential,58.5,normal,low,6,no,3.17,0.96,3.41,1.05
tourist_area,28.6,normal,medium,5,yes,4.23,4.32,5.49,4.52
market,0.9,normal,low,3,no,7.39,2.46,7.63,2.76
market,80.6,normal,medium,4,no,10.97,3.41,10.61,2.62
school,78.7,normal,medium,7,no,2.36,3.0,2.13,2.83
residential,1.3,holiday,medium,4,no,7.61,3.39,6.34,3.36
tourist_area,105.2,normal,high,9,no,7.34,5.44,6.24,5.9
office,2.4,normal,medium,11,yes,3.8,4.54,4.36,3.94
residential,15.0,normal,high,12,no,6.37,3.44,6.32,3.83
market,33.3,normal,medium,10,no,10.79,1.68,9.61,2.31
office,19.0,holiday,medium,2,no,4.76,4.81,4.08,4.07
tourist_area,14.5,normal,medium,5,yes,4.77,6.03,5.86,5.47
market,19.8,normal,low,8,no,6.97,1.43,7.6,0.69
school,8.4,normal,medium,5,yes,3.43,4.82,3.62,5.44
residential,3.2,normal,medium,10,no,5.63,1.96,5.8,2.66
tourist_area,49.4,holiday,medium,12,no,5.01,6.22,5.19,5.76
residential,65.4,normal,low,8,no,4.25,0.99,4.49,1.57
tourist_area,105.7,holiday,low,8,no,6.32,3.72,5.84,3.3
school,109.5,normal,high,9,no,4.15,5.02,3.99,5.23
school,7.7,normal,medium,10,no,3.11,4.69,3.34,4.15
market,123.3,festival,low,6,no,10.26,1.93,11.07,1.93
residential,18.3,normal,medium,12,yes,5.94,3.48,5.29,3.35
residential,15.3,normal,medium,4,no,6.04,3.12,6.05,2.48
residential,27.0,normal,high,12,no,6.88,4.3,6.86,4.66
residential,20.3,normal,low,11,no,4.82,1.83,4.77,2.25
office,10.8,normal,low,3,no,3.55,2.56,2.92,2.53
market,24.6,normal,high,12,no,11.49,4.45,11.77,4.91
residential,33.2,normal,low,5,no,3.54,1.24,3.75,0.66
tourist_area,34.8,normal,low,6,no,2.8,3.93,3.68,2.98
tourist_area,18.8,normal,high,3,no,3.95,6.13,4.42,6.43
tourist_area,1.8,normal,medium,2,no,3.38,5.07,3.42,5.41
tourist_area,50.5,normal,medium,7,no,5.92,4.41,6.07,4.43
residential,24.7,normal,low,11,no,4.42,1.51,3.96,0.83
market,60.3,festival,low,5,no,11.37,1.03,12.56,1.19
office,201.5,normal,low,9,no,3.07,1.71,3.21,2.06
school,2.2,festival,high,3,no,3.56,5.76,4.14,7.24
residential,57.9,normal,medium,8,no,7.09,1.14,7.08,2.13
office,90.2,normal,high,6,no,5.7,4.76,5.04,5.06
residential,4.8,normal,high,4,no,8.41,2.89,8.44,3.13
residential,43.5,normal,medium,12,yes,5.74,4.15,6.25,3.98
market,40.9,normal,low,12,no,4.61,1.83,5.97,1.61
school,179.6,normal,medium,9,no,1.6,3.63,1.83,3.96
school,0.3,normal,high,5,no,6.21,5.0,4.48,4.87
residential,7.3,festival,high,10,no,12.22,3.22,11.24,3.98
office,153.3,normal,low,6,yes,1.14,3.36,1.79,2.97
residential,125.1,normal,medium,9,no,6.53,2.31,7.15,2.38
residential,214.5,holiday,medium,7,no,7.99,0.94,9.1,1.48
tourist_area,1.8,normal,high,12,no,5.87,7.58,6.04,7.63
tourist_area,27.3,normal,low,5,no,1.03,3.01,2.12,3.54
office,25.3,normal,medium,2,no,2.58,3.65,2.43,3.03
office,1.1,festival,high,4,no,6.3,4.86,6.91,4.53
school,21.6,holiday,medium,2,no,1.3,5.3,3.18,5.2
school,28.2,normal,medium,3,no,2.09,5.04,3.28,5.16
residential,6.4,normal,low,10,no,3.61,1.98,4.38,2.64
market,9.6,festival,medium,12,no,11.97,5.05,12.88,4.24
market,30.7,normal,medium,3,no,7.03,1.99,7.97,2.22
residential,19.0,normal,high,4,no,7.88,2.73,7.55,2.21
office,146.9,normal,medium,6,no,1.76,3.33,2.05,2.89
market,12.6,normal,medium,12,no,7.78,3.01,7.9,3.71
residential,9.3,normal,medium,3,no,2.55,2.27,3.69,2.34
residential,125.7,normal,low,10,no,4.06,1.93,3.15,1.64
school,72.6,normal,medium,1,no,3.53,5.05,2.96,4.86
residential,0.9,normal,high,1,yes,6.99,4.48,6.63,3.98
office,147.8,holiday,high,9,yes,6.08,4.88,6.83,5.89
market,60.0,normal,medium,9,no,10.04,2.85,9.42,2.78
market,0.8,normal,medium,5,no,7.25,4.35,8.29,3.45
school,60.7,normal,low,9,no,2.75,3.01,2.05,3.05
office,9.4,normal,high,11,yes,2.69,5.48,4.49,6.12
residential,155.6,normal,low,7,no,3.62,1.19,2.99,2.0
school,124.8,normal,high,9,no,3.55,3.53,3.92,3.89
school,119.9,holiday,medium,12,no,0.5,5.73,0.71,5.91
residential,122.4,festival,high,7,no,14.79,3.34,13.67,3.42
office,68.0,normal,high,9,no,3.81,4.06,4.19,3.79
office,36.0,normal,high,2,no,2.37,4.88,3.05,4.39
school,225.7,normal,low,11,no,2.99,1.6,2.73,1.62
office,37.2,holiday,medium,11,yes,2.78,5.38,3.48,4.98
office,151.0,holiday,medium,8,yes,3.91,4.6,3.99,4.84
office,295.2,normal,high,7,yes,4.17,3.9,4.84,4.34
office,34.1,normal,low,6,no,4.48,2.7,3.75,1.88
school,36.6,holiday,high,5,no,4.5,5.11,4.62,4.46
school,57.1,normal,high,4,no,4.22,4.56,3.93,4.18
school,265.1,normal,medium,7,yes,3.57,4.53,4.07,3.81
office,7.1,normal,high,3,no,4.02,3.94,4.01,4.03
residential,91.5,normal,medium,8,no,6.18,1.62,6.18,2.36
tourist_area,34.2,holiday,medium,2,no,5.1,4.7,4.79,4.94
office,8.5,festival,medium,1,yes,5.59,6.76,4.75,7.09
residential,27.5,normal,medium,11,yes,5.58,3.63,5.82,2.71
office,8.9,normal,high,2,no,4.22,4.56,4.72,4.43
residential,56.8,normal,medium,9,no,5.59,2.29,5.81,2.62
residential,17.5,normal,medium,5,no,5.6,1.78,5.08,2.39
office,22.6,normal,medium,11,no,2.18,3.96,3.0,3.71
residential,106.7,normal,high,8,no,6.35,3.47,6.8,3.58
office,20.4,normal,low,3,no,2.79,1.53,2.96,2.28
office,19.1,normal,high,7,no,4.81,5.18,4.59,4.27
market,5.2,normal,medium,2,no,7.19,2.37,7.59,2.82
residential,33.1,normal,medium,8,no,4.8,1.34,4.89,2.02
residential,72.6,normal,low,7,no,3.53,1.36,3.63,1.12
school,26.2,normal,medium,12,no,2.65,6.18,1.61,6.21
tourist_area,46.3,festival,high,5,no,11.06,6.91,11.14,6.86
school,5.6,normal,medium,12,no,1.41,4.76,2.02,4.75
residential,3.4,normal,high,11,no,7.81,3.73,7.64,3.07
school,41.5,holiday,low,4,yes,2.08,3.69,2.54,3.73
market,10.9,festival,medium,1,no,13.12,3.93,12.28,3.52
office,90.8,normal,high,5,no,5.44,3.85,5.67,3.8
residential,37.6,holiday,high,12,no,5.09,3.97,6.76,3.37
office,63.9,normal,low,9,yes,3.28,2.99,2.66,3.21
market,10.3,normal,medium,10,no,8.37,2.01,8.82,2.61
tourist_area,22.3,normal,low,4,no,4.4,3.53,4.59,3.91
residential,29.8,normal,medium,9,yes,6.37,2.72,6.11,2.59
school,3.8,normal,high,12,no,5.65,5.45,4.5,6.19
tourist_area,5.8,normal,high,2,no,7.13,6.97,6.79,6.83
residential,44.7,normal,low,4,no,2.63,0.96,2.27,1.31
tourist_area,102.8,normal,high,9,no,6.67,6.02,6.05,6.84
school,0.3,normal,medium,4,yes,3.18,6.25,2.55,5.31
residential,33.6,normal,medium,5,no,5.86,1.17,4.66,2.22
residential,16.5,normal,medium,11,no,5.71,3.83,6.09,3.53
office,111.9,holiday,medium,8,no,3.37,3.54,2.53,3.19
residential,7.2,holiday,medium,1,no,4.08,2.46,4.87,2.12
school,24.1,holiday,medium,1,no,2.32,3.68,2.99,3.71
residential,300.0,normal,medium,9,no,6.28,1.72,5.92,2.37
school,29.7,holiday,low,9,no,3.57,3.35,2.72,3.94
residential,10.0,normal,high,4,no,6.78,3.1,7.05,3.13
office,8.4,normal,medium,2,no,3.35,3.25,3.09,3.45
tourist_area,70.6,normal,low,9,no,3.42,3.26,4.14,3.55
tourist_area,14.3,normal,high,4,no,7.42,6.24,5.44,6.23
office,159.7,normal,high,6,no,7.39,2.79,5.83,3.72
residential,73.2,normal,high,12,no,6.36,3.36,6.77,3.61
office,6.8,holiday,medium,1,no,4.84,4.67,4.26,4.53
residential,23.5,normal,low,12,no,3.94,1.66,4.25,1.5
residential,130.9,normal,medium,9,no,6.49,0.71,6.29,0.95
residential,22.1,festival,low,5,no,6.79,1.89,6.57,0.55
market,17.1,normal,high,3,yes,13.63,4.57,13.17,5.15
office,6.4,normal,low,4,no,4.15,0.87,4.83,1.46
school,20.1,normal,medium,1,yes,3.2,3.77,3.93,4.18
market,108.2,normal,medium,9,yes,12.43,3.7,12.21,2.61
residential,106.9,normal,medium,8,no,5.18,1.24,5.52,1.33
tourist_area,43.3,normal,high,4,no,7.46,5.2,7.38,5.24
market,4.3,normal,medium,2,no,8.39,2.88,8.59,2.6
market,49.2,normal,low,9,no,5.87,1.34,6.56,1.74
residential,71.6,normal,medium,4,no,3.01,2.62,3.5,2.53
office,62.8,normal,medium,9,no,3.8,2.59,4.67,2.22
school,58.5,normal,low,10,no,1.42,2.37,1.78,1.95
residential,1.8,holiday,medium,3,no,6.24,2.82,7.23,2.23
residential,144.8,normal,medium,7,no,7.87,2.53,7.29,3.11
school,88.9,normal,high,7,no,3.98,4.1,3.87,4.84
school,59.1,normal,high,10,no,3.68,5.35,4.44,4.84
residential,3.1,normal,high,4,no,6.48,3.93,6.91,2.66
tourist_area,8.3,normal,high,2,yes,7.2,8.12,6.99,8.15
residential,15.7,normal,low,11,no,4.31,1.93,3.37,1.93
market,205.7,festival,low,9,yes,13.51,3.15,13.82,3.14
tourist_area,83.8,holiday,medium,4,yes,6.99,6.38,6.63,6.74
market,300.0,normal,high,8,no,14.04,3.14,13.86,3.27
school,96.0,holiday,high,2,no,4.63,6.1,3.98,5.49
market,24.4,normal,high,8,no,12.95,3.7,13.35,3.68
residential,1.5,normal,low,11,no,3.71,2.43,2.81,2.57
tourist_area,4.8,normal,high,10,no,4.2,7.01,4.88,6.45
market,12.9,normal,medium,5,yes,11.01,3.34,11.62,3.48
tourist_area,154.3,holiday,low,7,no,5.11,5.34,4.31,4.13
residential,239.2,normal,medium,7,no,5.67,1.97,6.02,2.85
residential,6.2,normal,low,12,no,3.88,1.43,3.38,1.09
residential,131.6,festival,medium,9,no,8.88,3.17,8.55,3.54
school,74.8,normal,medium,3,yes,2.85,4.5,3.85,3.81
market,18.7,normal,medium,10,no,9.02,2.6,7.91,3.58
office,3.3,normal,medium,4,no,2.94,2.92,3.48,2.59
market,18.4,holiday,high,10,no,13.95,4.32,13.73,4.46
tourist_area,14.1,holiday,medium,4,no,6.5,5.76,5.86,4.88
residential,25.9,normal,medium,10,no,4.66,1.91,4.18,1.56
office,17.3,normal,high,5,no,5.42,4.38,5.49,4.68
office,80.1,normal,high,6,no,3.37,2.52,3.81,3.59
office,153.5,holiday,low,3,yes,2.59,3.08,2.62,3.22
office,23.5,normal,medium,4,yes,3.99,3.61,3.96,4.13
office,19.3,normal,medium,3,no,3.25,3.01,2.99,3.66
school,92.8,festival,low,2,no,4.0,2.82,2.27,2.85
residential,5.1,normal,medium,10,yes,6.67,2.86,6.12,2.31
residential,6.3,normal,high,12,yes,6.66,4.7,7.57,4.63
tourist_area,164.9,normal,low,9,yes,6.39,4.17,4.73,3.68
school,9.1,festival,high,1,yes,6.21,8.26,5.35,8.6
office,48.2,normal,high,2,no,3.1,4.5,3.08,4.77
market,69.5,normal,high,8,no,13.96,3.71,13.32,3.22
residential,37.2,normal,medium,7,no,4.86,3.28,5.28,3.06
residential,21.8,normal,high,12,no,4.43,3.15,4.58,3.69
school,6.6,normal,medium,1,no,2.34,3.18,2.09,3.96
market,42.5,normal,medium,5,no,9.98,3.22,9.74,2.81
residential,30.7,festival,low,10,no,6.24,2.0,6.52,2.46
market,227.3,normal,low,6,no,7.06,1.6,8.09,1.87
residential,45.8,normal,high,5,no,6.81,3.08,6.94,3.3
school,6.0,normal,medium,4,no,2.7,3.4,3.8,4.33
residential,48.3,normal,medium,1,no,3.97,3.05,4.14,2.98
office,96.2,festival,low,7,no,4.66,3.47,4.98,2.81
residential,124.7,normal,medium,9,no,5.53,1.96,6.71,1.56
market,158.2,normal,low,6,no,10.35,1.82,9.35,2.29
residential,25.6,normal,high,3,no,7.87,3.08,6.48,3.27
residential,18.8,normal,low,10,yes,5.09,2.51,4.92,3.09
market,30.4,normal,low,4,no,7.15,1.57,6.62,0.84
market,10.6,normal,medium,10,no,8.5,3.06,8.41,3.44
school,6.0,holiday,medium,5,yes,3.32,4.99,4.74,4.94
residential,28.8,festival,medium,12,no,7.66,3.56,6.83,3.46
school,8.0,normal,medium,12,no,4.0,3.71,3.53,3.76
office,2.5,festival,high,1,yes,5.86,7.34,5.72,7.85
office,0.0,normal,medium,5,no,2.22,3.36,2.47,3.57
residential,28.1,normal,low,1,yes,5.11,1.18,5.15,1.13
market,82.6,normal,medium,9,no,8.3,2.6,8.92,2.71
residential,148.2,normal,high,7,no,8.19,3.11,8.09,3.2
residential,14.1,normal,medium,3,no,4.21,1.78,4.04,2.16
tourist_area,95.8,normal,low,9,no,3.9,3.45,4.02,3.79
residential,15.7,normal,high,2,no,6.94,3.21,7.63,3.12
market,31.5,normal,medium,12,no,8.13,2.89,7.59,2.11
school,106.5,normal,medium,7,no,2.89,2.16,4.09,2.74
office,288.0,holiday,low,9,no,3.25,2.77,3.93,2.64
school,261.4,normal,low,6,no,2.44,1.66,3.21,2.05
residential,56.5,normal,medium,10,no,4.64,3.28,5.04,3.4
residential,75.9,normal,low,5,no,3.64,1.11,4.57,0.43
market,17.9,normal,medium,12,no,9.0,4.53,8.04,3.93
residential,138.8,holiday,medium,7,no,6.98,3.65,6.72,2.63
market,167.9,normal,medium,6,no,8.95,1.67,9.91,1.48
residential,35.7,normal,high,5,no,6.39,2.69,7.01,2.77
residential,66.4,holiday,high,2,no,6.73,4.45,6.92,4.43
market,157.6,normal,high,8,yes,15.0,4.6,13.99,4.41
residential,300.0,normal,low,7,yes,5.19,1.99,5.11,1.5
school,76.8,normal,low,6,no,2.72,2.45,1.81,2.36
school,53.7,festival,medium,5,no,3.8,6.0,4.31,5.83
office,35.9,normal,low,5,no,2.25,2.66,2.23,2.77
residential,101.9,normal,high,9,no,7.05,1.68,6.85,1.97
residential,11.8,normal,low,1,no,4.94,1.83,5.93,1.55
residential,165.5,normal,medium,9,no,4.16,1.77,5.37,1.17
school,218.5,normal,medium,6,no,2.71,3.84,3.48,3.36
office,7.4,normal,medium,4,no,4.22,3.08,5.12,2.4
residential,29.5,normal,low,10,yes,4.38,2.73,4.93,3.38
tourist_area,77.7,festival,medium,7,no,7.92,4.86,7.65,4.7
residential,300.0,holiday,medium,9,no,6.09,1.86,5.92,2.57
market,19.6,normal,high,5,no,12.91,2.48,13.4,3.78
office,7.8,holiday,low,5,no,2.42,2.96,1.41,2.89
office,51.8,normal,high,8,no,4.72,4.2,4.67,4.01
office,152.2,normal,high,7,no,6.38,2.68,4.51,2.51
office,64.0,normal,medium,8,no,1.25,1.64,2.21,2.01
residential,27.8,holiday,high,11,no,7.57,4.24,8.32,4.85
office,80.3,holiday,low,12,no,3.14,1.89,3.1,2.61
residential,57.0,normal,high,10,no,4.15,4.15,5.85,3.72
tourist_area,2.1,festival,medium,2,no,5.16,6.15,6.79,6.95
market,300.0,normal,medium,9,no,10.66,2.03,10.28,2.52
office,36.0,holiday,medium,3,no,2.75,3.61,4.72,3.67
market,50.3,festival,low,6,no,11.86,1.72,11.85,2.1
school,50.6,normal,high,6,no,4.2,3.88,4.66,3.81
market,5.6,holiday,low,2,no,6.89,3.02,6.53,2.51
office,54.6,normal,medium,12,no,2.29,2.69,3.5,3.16
residential,72.2,normal,medium,7,no,6.67,3.42,7.03,3.06
residential,62.0,normal,high,9,no,6.28,2.49,7.62,2.12
residential,42.5,normal,low,12,yes,2.26,1.86,3.09,2.14
residential,26.5,festival,medium,10,no,7.91,2.65,7.18,2.73
office,45.8,normal,medium,11,no,2.58,4.63,3.04,3.81
residential,41.1,normal,high,1,no,5.78,3.72,4.96,3.38
tourist_area,46.9,holiday,low,8,yes,4.5,5.06,4.72,3.62
residential,66.9,festival,low,2,no,5.86,1.4,5.76,1.45
residential,7.7,normal,low,1,no,5.52,2.18,6.12,1.53
office,100.9,festival,high,8,no,7.96,4.97,7.93,4.83
school,31.0,normal,low,2,no,2.49,2.76,2.26,1.76
market,89.4,holiday,medium,6,yes,13.22,3.81,13.56,3.79
school,300.0,normal,low,6,no,2.19,2.2,1.44,2.59
office,20.1,normal,high,5,no,5.39,3.93,5.08,3.98
residential,43.9,normal,high,8,no,7.43,2.78,7.66,3.0
tourist_area,83.1,normal,medium,3,no,5.59,5.17,4.52,4.74
tourist_area,26.5,normal,medium,10,no,3.79,5.81,3.41,4.72
school,36.0,normal,low,4,no,1.51,2.01,1.41,2.29
residential,125.0,normal,low,7,no,5.51,2.47,5.17,2.3
school,177.9,festival,medium,7,yes,5.72,4.11,5.42,3.92
residential,1.0,normal,medium,12,no,4.25,2.34,3.82,2.37
residential,86.2,normal,medium,8,no,7.16,2.99,6.82,2.48
residential,19.0,normal,high,2,no,5.76,3.47,6.22,4.67
market,2.4,normal,medium,11,no,8.65,3.04,8.66,3.23
office,36.7,holiday,medium,12,no,3.73,4.03,3.28,3.41
office,15.0,holiday,medium,2,no,2.44,3.52,3.12,2.8
office,9.6,normal,medium,4,no,3.69,4.24,3.36,4.15
market,0.1,normal,medium,10,no,9.83,2.76,8.65,3.99
residential,117.3,holiday,medium,9,no,6.03,2.3,6.91,2.27
market,53.8,normal,medium,10,no,7.17,3.45,8.03,3.07
tourist_area,15.1,holiday,high,12,no,7.06,7.88,6.95,8.37
residential,98.1,normal,high,9,no,7.01,3.49,6.26,2.85
office,7.8,holiday,medium,4,yes,3.27,4.31,3.3,3.32
school,142.7,normal,low,9,no,1.17,2.37,2.75,2.86
market,0.4,normal,medium,3,no,7.93,2.78,7.08,2.58
office,20.1,festival,medium,12,no,5.11,4.78,4.69,5.44
market,31.0,normal,low,5,no,7.84,1.04,7.52,1.09
office,75.1,normal,high,10,no,2.58,4.49,3.43,4.51
tourist_area,62.5,normal,high,9,no,8.23,5.16,6.71,5.85
market,145.7,normal,high,6,no,14.16,3.66,14.08,3.95
residential,27.3,normal,low,3,no,2.43,1.93,1.88,1.93
school,78.5,normal,high,10,no,3.17,4.41,3.37,4.77
tourist_area,83.1,normal,high,9,yes,6.99,6.65,6.97,7.11
residential,49.0,normal,medium,6,no,6.12,1.79,5.48,2.16
school,65.4,holiday,medium,4,no,3.86,4.47,4.1,3.79
school,1.5,normal,high,4,no,1.92,5.12,2.43,4.47
office,42.7,normal,medium,8,no,3.68,2.74,3.89,1.9
residential,48.8,normal,medium,7,yes,5.95,3.87,6.7,3.62
office,55.6,normal,medium,1,no,1.28,3.75,2.65,3.5
tourist_area,41.7,normal,medium,6,no,5.49,5.66,4.66,5.43
residential,213.9,normal,low,8,no,4.44,1.9,5.04,1.85
residential,18.0,normal,high,3,no,4.68,2.21,5.4,2.19
tourist_area,71.1,normal,medium,9,no,6.46,4.59,5.63,4.48
residential,15.4,normal,medium,10,no,3.95,3.51,3.73,2.84
office,6.2,normal,low,2,yes,1.16,3.77,2.02,3.17
market,96.4,normal,medium,6,no,10.55,3.07,9.79,3.24
residential,34.1,normal,low,12,no,2.43,2.88,3.21,3.61
office,20.1,normal,low,1,no,2.8,2.12,3.67,2.82
market,1.2,normal,medium,12,no,6.99,2.75,8.01,3.05
market,32.0,holiday,medium,11,no,10.67,3.81,11.35,4.32
market,55.4,normal,medium,2,yes,9.31,2.64,8.82,3.87
school,38.2,normal,low,5,no,2.42,3.67,2.74,2.53
residential,53.2,normal,medium,1,no,3.59,2.27,3.33,2.96
market,59.0,normal,low,8,no,8.45,2.46,7.91,2.5
tourist_area,65.9,normal,high,1,no,7.17,5.57,7.62,6.59
residential,82.7,normal,medium,9,no,5.36,3.29,5.06,3.18
school,0.4,holiday,medium,10,no,1.8,4.7,2.97,4.55
residential,55.6,normal,medium,11,no,6.29,2.35,6.41,3.4
office,85.3,festival,low,3,no,3.01,3.89,3.81,3.65
residential,32.0,normal,high,12,no,6.38,4.67,5.65,4.03
tourist_area,7.9,normal,medium,2,no,5.48,5.13,5.23,5.34
market,8.7,normal,medium,1,no,7.04,3.11,7.27,3.56
residential,117.6,normal,medium,9,no,3.35,2.79,4.89,2.56
residential,68.4,normal,low,4,no,5.69,1.41,4.02,1.68
residential,4.9,normal,high,12,no,6.9,2.98,6.93,3.36
market,52.5,normal,medium,1,no,7.54,2.65,7.83,2.55
residential,10.3,festival,medium,1,no,8.28,4.86,6.63,3.83
office,178.4,holiday,low,7,no,4.71,3.7,3.63,2.4
market,75.9,normal,low,2,no,8.23,2.87,6.18,3.2
residential,87.6,normal,high,7,no,7.64,3.45,7.41,3.0
school,13.6,normal,medium,12,no,3.84,4.26,3.59,2.86
office,174.8,normal,low,7,no,4.01,1.21,3.63,1.72
residential,22.6,normal,low,10,no,4.13,1.42,4.12,1.73
residential,140.0,normal,medium,9,no,5.28,2.14,4.78,1.31
residential,94.7,normal,medium,7,no,6.06,2.9,6.73,2.14
office,5.0,normal,medium,1,no,0.93,4.87,1.65,3.93
school,55.9,festival,medium,12,no,4.18,5.83,4.02,5.5
market,60.1,normal,low,8,no,5.44,1.23,6.81,2.02
office,271.2,festival,medium,8,no,5.67,3.82,5.1,3.62
office,8.7,normal,high,4,yes,5.15,4.92,5.24,4.88
school,135.1,normal,low,8,yes,3.8,1.49,3.59,2.59
office,10.0,normal,medium,4,no,3.5,3.91,3.04,3.86
residential,71.3,normal,medium,8,no,5.81,1.82,6.22,1.17
residential,11.1,normal,medium,5,no,5.95,2.24,6.06,1.98
residential,41.3,normal,medium,4,no,5.84,2.35,5.57,2.49
residential,96.1,normal,high,6,no,6.7,1.96,7.13,1.9
market,64.4,normal,medium,2,no,7.85,2.73,8.14,3.76
tourist_area,11.0,normal,medium,12,no,4.97,6.08,5.17,5.97
residential,35.3,normal,medium,2,yes,5.42,2.09,5.43,2.19
residential,41.9,normal,low,2,yes,6.2,3.54,6.0,2.41
market,6.0,normal,low,9,yes,8.04,1.42,8.47,2.26
tourist_area,15.4,normal,high,10,no,6.66,5.69,5.41,5.74
residential,19.8,normal,low,3,no,2.76,1.37,2.25,1.69
market,13.2,festival,medium,10,no,12.87,3.64,13.83,3.23
residential,11.7,normal,medium,4,no,5.56,2.99,5.29,2.74
residential,34.8,holiday,medium,10,no,10.65,2.94,8.96,2.61
tourist_area,7.3,normal,medium,12,no,4.56,6.22,5.13,5.86
tourist_area,133.2,normal,medium,8,no,5.34,4.09,5.34,3.74
residential,82.0,normal,low,4,no,3.97,1.33,4.01,1.92
tourist_area,25.0,normal,medium,11,no,4.87,5.74,4.21,5.34
school,28.4,normal,medium,10,no,3.42,2.75,3.3,3.23
office,2.1,holiday,medium,10,no,5.77,3.93,5.28,3.93
market,196.0,normal,medium,7,no,12.14,3.0,11.16,3.43
market,10.1,normal,medium,5,no,7.57,5.5,7.74,4.66
market,101.3,normal,low,9,no,6.16,1.19,8.1,1.84
school,116.1,festival,low,4,yes,3.75,4.7,3.68,3.69
residential,27.2,normal,low,3,no,3.07,1.36,2.87,1.22
residential,38.7,normal,high,2,no,6.84,4.28,6.98,4.36
residential,17.7,normal,low,1,no,2.69,0.87,2.97,0.77
office,1.9,holiday,low,11,no,3.74,3.44,2.67,3.3
residential,136.7,festival,medium,6,no,10.27,1.89,10.15,1.78
school,1.1,normal,low,10,no,1.97,2.79,1.44,2.36
tourist_area,36.2,holiday,medium,2,no,6.03,5.48,6.53,6.37
residential,24.1,holiday,low,8,no,6.48,2.53,6.27,2.5
school,204.0,normal,low,6,no,2.33,1.9,2.14,2.51
market,5.1,normal,medium,12,no,6.95,4.02,7.47,4.11
office,21.7,normal,medium,12,no,2.02,3.98,2.9,3.92
residential,27.3,festival,high,5,no,11.58,4.5,11.7,3.89
school,18.3,normal,medium,2,yes,3.18,5.42,4.25,5.02
office,110.7,holiday,medium,7,yes,4.26,2.83,5.3,3.27
tourist_area,18.9,normal,medium,2,no,3.24,5.87,3.86,6.31
school,11.2,holiday,low,5,no,3.19,2.32,2.34,2.0
market,17.3,normal,medium,2,no,6.48,3.91,6.87,3.27
school,13.3,normal,medium,11,no,2.13,4.18,2.57,3.82
office,25.1,holiday,medium,10,no,2.43,3.38,2.44,4.13
school,8.2,holiday,medium,11,no,2.49,4.26,3.47,5.41
residential,134.4,holiday,high,11,yes,11.58,5.03,10.32,5.0
tourist_area,20.8,normal,high,2,no,4.97,6.94,4.8,6.95
school,83.9,normal,medium,7,no,2.85,2.66,2.58,2.98
school,61.6,normal,medium,9,yes,4.03,3.96,4.16,4.35
residential,60.4,normal,low,5,no,4.02,2.26,3.61,2.3
school,58.8,normal,medium,7,no,4.17,2.77,2.62,3.21
market,34.1,normal,medium,4,no,8.0,2.37,9.06,2.79
school,23.8,normal,medium,2,no,2.0,3.32,1.84,3.99
residential,5.6,festival,high,3,no,8.67,4.25,8.54,3.4
school,51.0,normal,medium,2,no,2.96,3.22,2.24,3.57
tourist_area,13.8,normal,medium,5,no,3.64,3.38,5.2,4.05
residential,52.7,normal,medium,6,no,5.63,1.69,5.32,2.09
tourist_area,160.4,normal,high,7,no,8.21,5.27,7.84,5.15
market,30.5,normal,medium,3,no,7.86,2.43,7.7,2.72
office,68.6,festival,medium,4,no,6.55,3.93,5.18,3.73
office,105.3,holiday,medium,8,yes,6.12,4.89,5.24,3.73
school,40.5,festival,high,4,no,7.04,5.91,5.66,6.54
office,189.9,festival,low,7,no,4.62,2.37,5.07,1.92
office,1.7,normal,high,12,no,4.38,5.05,4.23,5.06
market,171.4,normal,medium,6,no,8.67,4.25,10.78,3.11
residential,109.3,normal,medium,7,no,6.29,1.56,5.78,2.49
school,2.2,normal,medium,1,no,0.93,3.85,0.96,3.97
office,21.3,normal,medium,3,no,5.04,3.91,5.09,3.54
office,44.9,normal,low,6,no,2.21,2.33,3.01,2.57
office,39.9,normal,high,3,no,3.11,4.13,3.65,5.22
market,108.5,normal,medium,7,no,8.97,2.69,8.84,2.76
office,281.6,normal,medium,9,no,3.79,2.86,4.71,2.69
residential,6.1,normal,low,3,yes,5.07,2.71,4.68,2.74
market,27.9,normal,medium,1,no,9.42,3.5,8.54,2.62
residential,7.1,normal,medium,10,no,6.53,2.3,6.65,2.41
residential,135.0,normal,medium,6,no,4.47,1.74,5.05,2.79
market,38.5,holiday,medium,12,yes,10.68,4.73,10.33,4.82
market,38.4,normal,medium,1,no,8.03,2.6,8.0,2.87
school,50.6,normal,high,1,no,3.87,4.49,3.11,4.89
market,158.3,holiday,medium,8,no,12.83,3.12,10.78,2.8
market,46.4,normal,high,9,yes,14.49,5.28,14.09,4.98
residential,12.6,normal,low,2,no,3.43,2.73,3.1,2.65
market,105.9,normal,medium,9,no,9.25,1.38,8.63,1.8
residential,20.7,normal,medium,5,no,4.89,1.64,5.49,0.81
residential,54.7,holiday,medium,8,no,5.9,1.39,5.87,2.07
school,95.7,holiday,high,7,no,5.06,5.33,5.28,6.09
school,78.3,normal,low,7,yes,3.91,2.15,2.67,2.28
school,14.8,normal,low,4,yes,1.18,3.29,2.19,2.6
market,49.8,normal,high,2,no,9.96,3.62,9.4,4.05
market,15.7,normal,low,5,no,5.63,0.88,4.79,2.13
office,0.8,normal,medium,11,no,2.15,3.28,3.23,3.74
market,1.8,normal,medium,11,no,8.76,3.03,8.14,3.9
market,58.2,normal,high,3,no,9.72,3.49,11.31,3.96
residential,266.5,normal,low,9,no,5.66,0.86,5.47,1.44
residential,97.8,normal,low,6,yes,6.22,1.32,6.29,1.31
market,13.6,normal,medium,1,no,9.36,2.72,9.38,3.03
market,83.7,normal,high,3,no,9.81,2.49,10.41,3.02
school,32.6,holiday,medium,12,no,2.67,4.36,2.83,4.72
market,55.8,normal,medium,4,no,9.17,2.82,9.89,2.69
school,107.1,normal,medium,9,no,2.4,3.52,2.62,3.62
office,14.3,festival,high,11,no,6.75,6.04,6.13,5.6
office,86.1,normal,high,6,no,3.14,3.83,4.14,4.21
office,6.2,normal,high,4,no,4.31,4.04,3.02,3.77
tourist_area,10.4,normal,low,1,no,2.43,2.83,3.5,3.09
residential,144.4,normal,low,8,no,5.08,1.59,5.64,1.67
residential,67.3,normal,medium,11,no,5.73,2.72,6.19,2.26
residential,38.7,normal,high,2,no,6.2,3.45,6.87,2.48
school,18.8,normal,medium,11,no,1.83,5.28,2.05,4.66
tourist_area,2.7,festival,low,11,no,5.82,5.71,5.52,4.71
residential,31.0,normal,high,8,no,7.78,3.77,7.06,3.65
tourist_area,101.7,normal,low,6,no,2.19,3.02,3.96,2.47
residential,69.6,holiday,medium,8,no,6.28,2.18,6.29,2.96
tourist_area,138.8,normal,medium,6,no,6.52,4.18,6.26,4.17
market,0.2,festival,medium,5,yes,15.0,3.84,15.99,4.11
residential,137.3,normal,high,5,no,9.3,1.83,7.85,1.39
market,13.6,holiday,medium,10,no,10.0,3.84,9.13,3.72
residential,56.5,normal,medium,10,no,4.53,3.25,4.79,2.85
residential,23.0,holiday,medium,11,yes,8.74,3.04,7.82,2.78
residential,83.0,festival,medium,8,no,10.01,2.99,9.6,2.91
office,120.7,normal,medium,7,yes,3.86,2.6,4.68,2.81
market,134.6,normal,medium,8,yes,14.18,2.92,13.42,2.86
residential,22.5,normal,low,12,no,4.21,1.79,4.41,1.89
school,86.3,normal,low,8,no,2.26,2.17,2.51,2.04
office,0.0,normal,low,7,no,2.93,1.18,2.63,1.7
residential,32.0,normal,medium,2,no,5.87,2.65,4.74,2.55
market,72.7,normal,high,11,yes,14.42,4.65,14.33,5.02
residential,18.4,normal,high,9,no,7.65,3.21,7.57,2.86
residential,78.5,normal,high,7,yes,9.99,3.59,10.38,2.96
school,69.8,normal,medium,12,no,2.68,4.13,2.49,3.96
residential,10.0,normal,medium,11,no,4.76,2.94,4.68,3.48
market,159.9,normal,medium,6,no,9.05,1.99,9.37,2.64
office,115.6,normal,low,9,no,0.59,2.18,0.8,2.71
residential,27.2,normal,low,1,yes,4.2,1.69,5.03,2.5
school,16.1,normal,medium,11,yes,2.36,4.82,3.28,4.8
residential,10.7,normal,high,2,no,6.52,2.77,5.62,3.14
tourist_area,1.5,normal,low,1,no,2.09,4.06,2.98,3.92
market,40.9,holiday,low,10,no,9.44,2.63,7.71,2.81
office,41.1,normal,high,12,no,3.58,5.47,4.3,5.19
school,33.3,normal,medium,3,yes,3.74,4.76,2.96,4.78
residential,31.0,normal,high,11,no,6.12,3.38,6.61,3.45
school,8.4,holiday,high,5,no,5.99,5.24,4.22,5.59
tourist_area,0.7,festival,high,1,no,9.95,9.87,8.72,9.72
school,49.6,normal,medium,4,no,0.99,4.25,1.94,4.06
office,97.2,normal,medium,8,no,3.38,2.65,3.02,2.83
tourist_area,67.1,festival,medium,6,yes,12.26,6.48,10.71,6.72
residential,3.2,normal,medium,1,no,4.97,3.67,5.66,3.94
residential,1.9,normal,medium,12,no,4.18,2.71,5.74,2.0
school,12.9,normal,low,1,no,1.59,2.79,2.21,2.41
market,49.0,normal,medium,3,no,8.54,3.29,7.74,3.41
office,75.3,festival,medium,10,no,3.83,3.8,5.29,4.2
tourist_area,243.9,festival,high,8,no,12.17,7.55,10.98,7.26
market,75.8,holiday,high,11,no,13.13,5.05,13.31,5.19
residential,71.5,normal,medium,11,no,5.72,2.42,5.5,2.61
office,139.2,holiday,low,8,no,3.6,1.54,4.6,1.64
residential,7.4,normal,high,3,no,6.29,2.37,6.89,3.02
office,148.3,normal,medium,7,no,2.14,2.95,2.48,2.89
market,7.2,festival,high,12,no,15.0,5.25,15.2,5.3
school,9.3,normal,high,3,no,2.36,5.62,3.3,5.69
residential,8.0,normal,low,4,no,2.35,1.98,2.67,2.13
school,54.3,normal,high,9,no,4.42,4.94,4.26,4.92
market,11.7,holiday,low,4,yes,9.98,2.13,8.97,3.2
school,5.0,normal,medium,3,no,0.61,4.96,1.66,5.09
residential,18.1,normal,medium,5,yes,6.11,3.37,6.57,3.56
office,153.3,normal,low,7,no,2.8,2.55,2.04,3.44
office,25.4,holiday,high,5,no,5.35,4.47,5.98,4.54
residential,63.2,holiday,low,4,yes,6.02,2.05,6.21,1.94
residential,82.7,normal,low,8,yes,5.67,1.83,5.93,2.2
residential,5.5,normal,medium,4,no,6.37,2.75,5.7,2.47
school,25.7,normal,high,2,no,3.43,5.44,3.39,5.36
school,18.7,festival,high,10,yes,6.91,7.87,6.72,7.57
market,120.1,normal,high,6,no,14.29,2.84,13.93,3.31
residential,47.5,festival,medium,2,no,7.8,3.07,7.61,2.49
market,41.7,normal,medium,3,yes,10.43,3.51,10.87,3.47
school,85.6,holiday,low,1,no,0.86,3.0,2.01,3.11
market,15.2,holiday,low,5,no,7.61,1.91,7.24,1.85
tourist_area,60.9,normal,medium,9,no,4.47,5.91,5.25,4.48
residential,24.0,festival,medium,2,no,9.11,4.0,8.99,2.88
school,3.5,normal,medium,12,no,1.81,5.18,1.95,4.58
market,29.7,normal,high,7,no,13.99,4.01,14.16,3.92
market,7.0,normal,medium,5,no,10.07,3.11,10.09,3.08
office,15.2,holiday,low,2,no,3.38,2.8,2.49,2.82
school,33.7,normal,low,8,no,4.33,1.96,3.24,1.76
tourist_area,1.0,normal,high,11,no,5.97,7.13,6.46,7.23
residential,114.3,normal,high,6,no,7.79,2.05,7.58,1.55
residential,28.3,normal,high,4,no,6.34,2.83,7.25,1.85
office,37.0,normal,low,4,no,2.42,1.68,3.19,1.85
school,32.4,normal,high,2,no,2.96,5.18,3.69,4.96
residential,3.6,holiday,low,3,yes,4.15,2.17,5.7,2.73
residential,69.9,normal,low,7,yes,3.88,0.87,4.4,1.34
residential,4.2,normal,high,3,no,7.06,2.86,6.91,3.75
tourist_area,55.5,normal,medium,5,no,6.46,5.31,6.08,4.7
residential,41.2,normal,medium,10,no,4.93,1.71,4.98,2.27
residential,49.0,holiday,low,6,no,6.93,1.78,6.58,1.65
residential,50.5,festival,medium,6,no,9.37,2.4,8.21,3.2
market,102.0,normal,high,4,no,13.03,3.41,12.89,3.38
residential,92.1,holiday,medium,6,no,5.51,1.94,5.31,2.55
market,48.5,festival,medium,3,no,11.79,3.65,11.57,3.21
residential,87.2,holiday,low,7,no,5.23,1.8,5.75,1.55
office,62.6,normal,medium,7,no,4.0,3.49,3.72,3.19
residential,46.0,festival,medium,4,no,8.77,2.72,8.98,3.43
market,34.7,normal,low,2,no,6.79,1.82,6.26,0.96
tourist_area,34.3,normal,medium,11,no,4.86,6.22,5.4,5.67
school,112.5,normal,low,7,no,2.11,3.77,2.03,2.93
market,24.9,normal,high,3,no,9.87,3.61,9.14,2.75
residential,39.9,normal,medium,1,yes,6.78,1.84,6.4,2.22
residential,9.4,normal,low,2,no,2.2,2.13,1.37,1.28
school,13.1,normal,medium,10,no,4.36,3.94,2.77,2.91
tourist_area,176.0,holiday,medium,9,no,6.67,5.36,5.91,5.04
school,11.1,holiday,high,12,no,4.15,6.89,3.43,6.74
school,40.2,normal,high,8,yes,3.93,5.58,3.88,5.4
office,120.5,holiday,medium,6,yes,4.65,4.46,4.18,4.42
market,300.0,holiday,high,6,no,15.0,4.51,15.0,3.65
residential,17.1,holiday,medium,1,no,6.58,2.24,7.09,3.39
school,16.8,normal,low,2,no,1.9,2.12,1.41,2.43
tourist_area,55.5,normal,medium,4,no,4.3,4.58,3.16,5.19
residential,49.1,festival,medium,3,no,8.26,3.64,7.72,2.65
school,39.4,normal,medium,1,no,2.15,3.52,1.54,3.42
residential,93.7,normal,high,8,no,8.1,2.68,7.51,3.01
market,135.0,normal,medium,7,no,9.04,2.96,10.01,2.61
residential,28.2,normal,high,4,no,7.44,4.22,7.05,3.21
market,62.7,normal,high,12,no,9.79,4.43,9.62,3.58
office,64.6,normal,medium,12,no,4.36,3.84,4.04,4.21
residential,62.4,normal,medium,9,no,5.8,2.3,6.37,2.57
school,16.8,holiday,medium,11,no,1.73,5.27,2.57,5.23
office,18.7,holiday,high,4,yes,5.71,6.16,4.37,5.87
tourist_area,114.0,normal,medium,1,yes,4.4,6.67,3.98,5.92
residential,34.0,festival,low,10,no,5.16,3.35,5.52,2.83
market,15.7,normal,medium,1,no,7.56,2.61,7.53,2.25
residential,0.8,normal,medium,1,no,5.31,3.27,4.83,2.64
tourist_area,25.0,holiday,low,1,no,3.71,5.19,3.14,5.3
tourist_area,3.0,holiday,low,4,no,3.93,3.91,3.22,3.04
market,54.0,festival,medium,1,no,12.49,4.05,13.62,4.34
office,41.9,normal,medium,2,no,3.33,3.44,3.11,4.14
market,18.5,holiday,medium,4,no,12.65,3.34,12.28,3.67
school,136.7,normal,medium,7,no,0.5,3.0,1.53,3.28
residential,68.3,holiday,low,2,no,5.43,2.13,4.94,1.86
office,76.9,holiday,medium,8,no,3.63,3.48,3.83,3.15
residential,48.9,normal,medium,7,no,7.18,1.76,6.03,0.89
office,257.0,normal,low,9,no,2.21,2.81,1.46,2.47
office,199.9,holiday,medium,6,no,2.82,3.02,3.67,2.95
office,51.5,normal,medium,4,no,4.04,3.75,3.81,3.21
residential,92.8,normal,low,6,no,2.74,0.71,3.97,1.05
residential,4.6,holiday,low,4,no,3.07,1.73,4.18,1.84
residential,30.5,normal,low,7,no,3.64,1.88,3.48,1.41
market,65.3,holiday,high,9,no,15.0,4.07,15.73,4.77
residential,44.6,normal,high,3,no,6.36,2.17,6.87,2.93
tourist_area,8.2,normal,high,3,no,5.93,6.26,6.29,6.7
school,39.2,holiday,high,2,no,4.26,7.2,5.38,6.62
residential,8.7,normal,medium,1,no,4.52,2.82,5.78,2.96
market,15.1,normal,medium,1,no,7.64,2.97,8.14,2.64
market,122.5,holiday,medium,3,yes,12.15,3.4,12.35,3.94
school,32.4,normal,low,7,no,2.11,2.35,2.81,2.26
market,14.2,normal,medium,11,no,6.83,3.16,7.16,2.73
tourist_area,83.2,normal,high,9,no,6.47,6.28,6.22,6.05
market,3.5,holiday,medium,2,no,9.95,3.01,10.05,3.11
tourist_area,121.6,holiday,medium,7,no,6.32,4.23,5.91,5.46
office,14.3,holiday,medium,1,no,3.79,5.15,3.96,4.92
residential,35.6,normal,medium,2,no,5.59,2.19,5.27,3.05
tourist_area,168.3,holiday,medium,6,no,6.32,4.49,5.87,5.1
residential,23.6,normal,high,11,no,5.5,2.76,6.03,3.1
office,1.0,normal,medium,5,no,0.89,1.98,2.64,2.34
market,98.9,normal,high,8,no,14.43,2.31,14.13,1.95
office,1.7,holiday,medium,12,yes,5.25,5.8,4.82,5.34
office,28.7,holiday,high,11,yes,4.63,7.43,5.29,7.45
office,34.7,normal,medium,2,yes,5.42,3.36,4.81,3.64
office,6.6,normal,medium,1,no,2.98,5.05,2.7,4.6
residential,175.5,festival,medium,7,yes,10.95,3.22,11.3,2.27
residential,229.8,normal,high,6,no,8.9,3.67,8.01,3.39
market,167.4,festival,high,8,no,15.0,3.75,17.07,4.41
residential,10.9,normal,low,11,no,3.6,2.5,3.26,1.42
school,109.8,normal,low,8,no,3.37,2.67,3.19,2.68
residential,73.9,normal,high,2,no,6.93,3.36,6.73,3.9
tourist_area,65.5,normal,medium,8,no,5.2,3.83,5.15,4.77
school,188.4,festival,medium,6,no,5.3,4.28,5.47,4.03
office,55.5,normal,medium,9,no,3.25,4.13,3.49,4.04
residential,0.1,holiday,low,12,no,5.64,2.23,4.92,2.91
office,127.3,normal,high,7,no,6.79,3.81,5.43,3.93
tourist_area,43.0,normal,high,2,no,4.73,5.46,4.56,6.51
market,136.5,normal,medium,8,no,11.44,3.22,10.04,2.87
school,234.4,normal,medium,9,no,3.32,4.32,3.22,4.05
office,64.2,festival,high,7,no,7.36,3.7,6.91,3.96
residential,7.9,normal,low,4,no,3.25,1.59,3.23,1.55
market,218.5,normal,high,9,no,12.79,4.22,12.84,3.99
market,5.9,normal,medium,4,no,9.38,3.15,9.83,2.7
residential,34.4,normal,medium,12,no,5.11,2.8,5.54,2.72
market,22.7,normal,high,4,no,14.17,3.0,13.32,3.64
residential,33.6,holiday,medium,9,no,6.95,2.49,7.54,3.47
residential,70.5,normal,medium,8,no,6.64,2.4,5.12,1.35
residential,22.0,normal,medium,4,no,5.26,2.54,6.39,3.35
tourist_area,176.9,normal,medium,8,no,4.48,3.26,5.27,3.5
market,149.9,festival,medium,8,no,15.0,2.77,15.36,3.39
tourist_area,119.7,normal,high,7,no,8.59,6.61,7.58,6.53
market,20.6,normal,high,10,yes,13.59,4.24,13.45,5.16
residential,60.2,normal,medium,6,no,6.29,1.13,6.48,1.26
market,54.1,normal,medium,8,no,9.55,2.78,10.08,2.58
market,105.8,normal,low,7,no,8.0,1.76,8.29,1.71
residential,0.9,normal,low,5,no,3.57,0.97,3.36,1.1
school,7.1,holiday,medium,12,yes,3.81,6.64,3.08,7.14
residential,17.0,normal,high,4,no,7.75,2.46,7.61,2.7
school,16.3,holiday,medium,12,no,3.08,4.4,3.45,4.06
school,1.4,normal,high,2,no,3.77,5.08,3.48,4.89
residential,26.7,normal,low,11,no,4.2,1.03,4.92,0.7
residential,88.4,normal,medium,8,no,5.25,0.7,5.52,1.23
office,54.1,normal,low,9,no,0.77,2.99,1.45,2.94
market,86.0,holiday,medium,4,no,8.86,1.69,10.1,2.06
residential,3.1,normal,low,4,no,3.21,1.1,4.23,1.17
tourist_area,57.9,normal,high,5,no,6.48,4.77,5.79,5.13
residential,0.0,normal,low,2,yes,3.37,1.99,2.94,2.14
school,199.1,festival,high,7,yes,7.95,6.54,7.65,6.73
tourist_area,0.6,normal,medium,5,yes,5.25,6.05,7.38,6.22
residential,154.8,festival,high,6,no,11.84,4.87,11.96,5.26
residential,13.5,normal,medium,4,no,3.66,3.21,4.23,2.88
residential,127.4,normal,high,8,yes,8.68,2.85,9.37,3.37
residential,80.7,normal,low,8,no,4.6,0.37,5.11,0.15
residential,2.2,normal,high,12,yes,7.11,6.3,7.4,5.34
school,43.8,normal,high,5,no,4.88,5.39,5.13,4.96
residential,2.2,normal,low,12,no,3.82,2.76,3.0,1.97
market,253.7,festival,low,6,no,12.64,2.58,11.98,2.15
tourist_area,1.6,holiday,medium,3,no,5.76,5.45,6.21,5.48
office,19.6,holiday,high,1,no,4.7,4.14,4.62,4.5
school,117.5,normal,medium,9,no,2.62,3.4,1.93,4.62
residential,50.9,normal,medium,9,no,5.18,2.78,4.5,2.77
school,7.3,normal,low,3,no,2.46,1.72,1.7,3.08
market,42.7,holiday,low,4,no,8.25,2.1,8.2,2.84
market,129.2,festival,high,7,no,15.0,5.1,17.96,4.36
residential,76.8,normal,low,2,no,3.65,1.8,3.37,1.79
tourist_area,14.2,normal,medium,12,no,3.19,6.68,3.86,6.05
market,21.2,normal,high,3,no,10.2,2.47,10.24,2.99
residential,50.3,normal,low,6,no,4.04,1.13,4.91,0.86
market,8.9,normal,medium,11,no,8.6,1.9,10.1,2.3
market,156.2,normal,low,8,no,7.57,0.56,7.36,1.24
office,12.4,holiday,medium,1,no,3.07,3.3,3.46,3.86
office,16.8,normal,low,4,no,1.46,2.57,2.06,2.57
office,15.5,normal,high,1,no,2.37,4.81,3.0,4.76
residential,37.4,festival,medium,2,no,8.07,2.65,8.05,3.31
market,199.4,normal,medium,8,no,9.03,0.88,9.82,1.45
market,116.5,normal,medium,6,no,6.97,3.11,7.93,3.47
residential,100.1,normal,low,9,no,3.88,1.29,4.78,0.57
residential,45.3,normal,high,2,no,4.95,2.29,5.55,3.02
office,30.7,normal,medium,3,yes,5.61,4.5,4.49,4.55
residential,53.1,holiday,medium,9,no,6.27,2.34,7.86,2.15
market,39.8,normal,low,9,no,5.65,2.16,6.1,1.88
residential,46.8,normal,medium,6,no,6.64,1.84,6.47,2.19
residential,18.3,normal,low,3,yes,3.45,1.83,3.86,2.35
residential,52.4,normal,medium,5,yes,5.22,3.54,5.69,2.4
tourist_area,11.3,holiday,low,2,no,3.54,3.67,3.86,4.14
office,78.4,holiday,high,7,yes,6.36,5.3,6.07,5.07
tourist_area,72.1,normal,medium,10,no,2.62,4.88,3.8,5.38
market,54.4,holiday,high,11,no,14.9,5.14,13.47,4.13
residential,117.5,normal,high,8,no,7.89,3.4,7.16,4.18
market,59.0,festival,low,6,no,10.73,2.72,12.15,2.15
market,94.0,normal,medium,8,no,10.38,2.13,9.48,2.95
office,0.5,festival,low,2,no,4.2,2.4,2.6,2.75
residential,3.4,holiday,medium,3,no,6.92,3.18,5.7,2.65
market,82.2,normal,high,7,no,13.52,3.91,14.69,3.71
residential,24.1,normal,medium,10,no,6.26,1.82,4.73,2.58
residential,2.0,festival,medium,12,no,6.08,4.39,6.02,3.4
office,4.4,holiday,medium,1,no,2.5,4.5,1.95,4.69
market,104.6,normal,medium,7,no,10.27,3.36,10.12,2.94
market,105.1,holiday,low,6,no,8.78,1.65,8.62,2.08
market,110.1,normal,high,8,no,14.01,4.3,13.55,3.83
market,73.4,normal,medium,7,no,10.03,3.23,11.22,2.63
office,8.7,normal,high,4,no,2.35,4.96,2.4,4.17
tourist_area,13.9,normal,low,3,no,2.15,3.59,2.52,3.81
tourist_area,3.1,holiday,medium,3,no,5.69,5.79,5.67,6.02
office,7.7,normal,medium,4,no,4.4,2.55,3.31,3.19
residential,194.8,holiday,low,9,no,3.52,2.69,4.45,2.44
school,300.0,normal,medium,9,no,3.16,4.21,2.82,4.2
market,31.3,normal,high,2,no,9.57,5.51,10.13,5.43
residential,74.6,normal,high,5,no,6.62,2.71,6.94,1.95
office,30.9,normal,medium,1,no,2.57,4.31,1.42,2.95
residential,1.0,normal,medium,4,no,6.82,1.93,6.98,2.9
tourist_area,172.0,normal,low,2,no,4.18,3.54,5.02,2.84
market,37.3,normal,high,8,no,12.86,2.77,12.94,2.54
school,34.4,normal,low,4,no,3.83,2.72,2.55,2.55
school,8.7,normal,high,5,yes,4.07,6.17,5.1,5.27
tourist_area,14.9,normal,medium,11,no,3.3,4.93,4.92,4.96
school,31.1,holiday,medium,4,no,5.17,4.79,4.27,4.15
school,17.2,festival,high,5,no,5.68,5.65,5.59,5.78
residential,8.7,normal,low,5,yes,5.26,1.3,5.06,1.72
market,12.2,normal,medium,5,no,9.01,3.54,8.15,3.03
residential,12.5,normal,medium,11,no,6.05,3.14,5.46,2.76
office,96.1,festival,low,3,no,4.5,3.66,5.09,3.48
market,198.6,normal,medium,7,no,12.23,1.74,11.46,2.48
school,18.4,normal,medium,3,no,3.25,3.84,2.28,4.58
residential,6.7,normal,high,2,no,5.62,4.1,6.1,3.64
residential,50.0,normal,low,3,no,4.6,1.86,3.8,2.6
office,5.1,normal,high,11,no,2.3,5.82,2.96,5.8
residential,7.1,holiday,low,3,no,3.84,0.65,3.26,0.69
residential,49.4,normal,low,8,no,3.82,2.02,3.42,1.22
residential,63.7,normal,medium,4,no,4.8,2.68,5.46,2.26
tourist_area,4.2,normal,low,3,no,3.53,4.23,3.47,4.52
office,3.9,normal,low,10,no,2.43,2.11,1.91,2.04
market,20.4,festival,high,5,no,15.0,5.08,16.94,4.02
residential,9.7,normal,medium,4,yes,6.38,3.11,5.95,2.91
residential,81.9,holiday,low,9,no,5.67,1.38,4.92,0.67
office,78.2,normal,low,8,yes,3.27,2.98,3.91,2.3
school,17.1,normal,high,11,no,5.55,5.21,5.16,5.11
residential,47.7,festival,high,7,no,11.54,2.76,11.91,3.17
residential,70.0,normal,medium,8,no,4.65,3.0,5.22,3.06
residential,51.6,holiday,low,5,no,4.74,1.74,4.85,2.09
school,65.1,normal,low,4,no,1.14,1.76,1.78,1.6
office,69.0,holiday,low,7,no,2.94,1.73,2.58,1.83
residential,3.6,normal,low,1,no,4.06,1.28,4.33,1.56
residential,35.7,normal,medium,6,no,5.28,3.06,5.7,2.54
residential,107.6,holiday,low,8,no,4.98,2.09,4.96,1.78
tourist_area,127.9,festival,medium,7,yes,7.99,6.97,8.52,5.94
residential,14.0,festival,medium,2,yes,7.86,3.78,8.53,3.37
office,107.2,holiday,high,7,yes,6.95,5.31,6.86,5.08
school,115.7,festival,high,6,no,6.13,6.9,5.74,4.96
market,82.2,normal,medium,5,no,9.35,2.93,9.2,3.1
residential,2.0,normal,medium,4,no,6.25,2.61,6.31,1.89
residential,6.4,normal,medium,1,no,4.06,2.61,3.31,2.92
school,2.1,normal,medium,2,yes,3.19,4.35,2.76,4.9
office,212.3,normal,high,7,no,2.32,3.89,4.05,3.49
school,47.2,normal,medium,10,yes,3.25,5.27,3.07,5.5
market,25.6,normal,high,3,no,12.01,3.79,11.76,4.12
residential,2.6,normal,high,5,no,8.33,2.69,8.62,2.68
tourist_area,27.4,normal,medium,8,no,4.64,4.53,5.4,4.24
office,98.8,normal,medium,8,no,3.8,2.1,3.43,2.96
residential,94.9,normal,low,6,yes,5.31,3.19,5.19,2.67
tourist_area,9.0,holiday,low,5,no,5.29,3.46,5.5,4.03
school,2.3,holiday,medium,2,yes,1.5,5.3,2.74,4.41
school,123.0,normal,low,9,no,3.05,2.16,2.61,2.33
office,10.7,normal,high,1,no,4.99,4.32,4.46,3.81
office,18.1,normal,low,11,no,0.66,4.2,1.46,3.48
school,4.1,normal,medium,2,no,1.46,3.99,2.6,4.35
residential,48.7,normal,medium,1,no,3.03,2.09,4.32,3.09
residential,25.0,normal,medium,12,no,3.39,2.13,4.36,2.03
tourist_area,69.6,normal,medium,4,no,6.36,5.26,5.09,4.73
residential,20.5,normal,high,4,no,7.18,2.36,6.99,2.63
market,85.1,festival,medium,5,no,15.0,2.32,14.8,2.4
market,66.7,festival,medium,5,no,14.71,3.22,15.58,3.78
market,119.3,normal,low,8,no,7.91,1.53,7.63,1.59
school,81.5,normal,medium,11,no,3.35,3.89,3.78,4.08
tourist_area,11.7,normal,high,11,no,5.95,6.67,5.67,7.09
residential,13.7,normal,medium,3,yes,5.42,4.1,5.21,3.56
residential,73.2,festival,high,6,no,12.19,3.69,12.51,3.29
residential,26.7,normal,medium,12,no,4.73,2.65,5.69,2.71
tourist_area,38.4,holiday,low,12,no,4.31,4.26,4.01,4.01
school,44.6,normal,low,3,no,0.99,2.31,0.3,2.53
residential,4.9,festival,medium,2,yes,8.47,3.69,7.44,4.29
office,106.4,normal,medium,8,no,3.54,3.4,3.72,2.65
office,5.8,holiday,high,1,no,3.21,6.28,2.83,5.23
office,131.5,normal,medium,9,no,1.73,3.44,1.86,3.29
tourist_area,5.2,normal,medium,11,no,5.41,5.89,5.06,5.32
residential,237.7,normal,medium,7,no,6.34,1.1,4.84,1.48
office,7.9,normal,medium,12,no,2.44,4.82,2.38,4.6
market,10.3,festival,low,10,no,9.46,1.94,9.02,1.33
office,57.1,festival,low,12,no,3.58,2.84,2.59,3.48
office,18.4,festival,low,11,no,3.64,3.5,3.1,2.94
office,0.7,normal,low,4,no,1.62,2.82,1.28,2.59
school,20.5,holiday,low,3,no,1.75,3.93,2.19,3.27
residential,12.2,normal,low,6,no,4.88,1.94,5.38,1.51
market,300.0,normal,medium,9,no,11.05,2.06,10.38,2.99
tourist_area,88.3,normal,medium,9,no,4.95,4.2,4.6,4.45
tourist_area,8.9,normal,high,4,no,5.25,6.4,5.46,6.7
residential,24.9,normal,low,10,no,2.63,1.3,2.45,1.56
residential,2.4,normal,medium,5,no,5.73,3.04,4.87,2.99
residential,48.3,normal,medium,11,no,5.44,3.53,4.3,3.32
office,259.0,holiday,low,9,no,3.67,2.46,2.65,2.51
office,62.3,normal,high,2,no,3.45,2.69,4.53,4.01
residential,12.5,normal,low,2,no,2.42,2.11,2.39,2.03
market,11.8,normal,high,5,no,13.2,3.19,11.22,4.39
office,1.1,normal,high,1,no,5.39,4.42,4.37,5.01
office,111.3,normal,medium,8,no,2.6,2.58,2.03,2.22
market,23.0,normal,medium,5,yes,12.73,2.28,12.11,2.68
school,18.4,normal,medium,12,no,1.36,4.52,1.74,4.72
market,71.5,normal,medium,10,no,8.37,3.18,8.59,3.08
residential,5.5,normal,medium,2,no,3.74,2.68,4.02,2.93
school,0.3,holiday,low,12,no,2.7,3.7,2.25,4.06
school,62.7,normal,low,9,no,2.11,3.04,1.22,2.19
office,7.6,normal,medium,2,no,3.64,4.48,3.22,4.64
school,53.2,holiday,medium,7,no,2.27,4.01,3.41,3.7
office,75.3,normal,high,8,no,3.69,3.29,5.2,3.27
residential,56.5,normal,low,6,no,4.37,2.25,4.23,1.65
market,6.0,festival,high,11,no,15.0,6.09,16.05,6.17
residential,169.9,normal,low,7,yes,5.62,1.5,5.86,1.47
residential,6.9,normal,medium,11,yes,4.97,4.14,6.24,3.46
office,34.9,normal,medium,1,no,5.63,4.42,4.2,3.87
tourist_area,12.9,normal,medium,4,no,4.05,4.23,4.74,3.65
residential,78.2,normal,low,7,no,3.84,1.02,3.62,0.83
market,81.5,normal,medium,1,no,7.1,2.11,7.65,1.97
office,1.1,normal,high,1,no,1.49,3.55,2.97,3.98
residential,20.8,normal,medium,11,no,4.58,2.61,3.98,2.94
school,187.0,normal,medium,6,no,2.95,4.05,2.66,3.94
office,26.6,normal,high,4,no,4.92,4.11,5.24,4.75
school,9.7,normal,high,3,no,3.18,4.88,3.56,5.43
residential,15.2,normal,medium,12,yes,4.85,3.67,5.78,3.35
market,34.2,normal,medium,5,no,8.26,3.02,9.24,2.89
office,190.3,festival,high,9,no,7.36,5.34,7.06,5.18
school,1.3,normal,medium,10,no,3.24,4.91,4.28,3.53
residential,2.2,normal,low,10,yes,4.06,2.46,4.32,1.77
office,11.8,normal,medium,12,no,3.61,4.89,1.48,4.42
residential,7.9,normal,high,12,no,7.18,3.22,6.71,3.37
office,9.2,festival,low,11,yes,3.68,5.88,3.58,5.35
residential,7.5,normal,high,10,no,7.98,2.31,8.02,2.94
tourist_area,6.5,festival,low,3,no,5.22,4.98,4.85,3.94
market,4.2,normal,high,5,no,11.6,3.42,12.67,3.73
residential,81.5,holiday,medium,10,no,6.38,3.64,6.66,3.33
residential,4.7,normal,medium,5,no,7.0,1.74,5.8,2.27
residential,51.0,festival,high,9,no,12.8,3.7,12.18,4.23
office,8.5,normal,medium,11,no,3.3,3.54,2.72,3.58
tourist_area,81.1,normal,medium,12,no,2.38,5.81,3.29,6.26
market,42.3,normal,low,10,no,7.56,1.83,6.7,1.54
market,46.8,normal,low,11,no,7.27,3.23,6.99,2.35
office,3.3,festival,low,4,yes,2.74,2.98,3.21,3.49
tourist_area,54.3,normal,medium,1,no,4.95,4.13,4.56,4.42
school,15.7,normal,low,10,no,1.18,3.8,2.71,3.46
market,9.1,holiday,low,5,no,7.41,1.87,7.6,2.92
market,25.7,normal,medium,1,no,6.5,3.17,5.89,3.32
school,168.6,festival,medium,6,yes,4.56,5.46,5.54,5.44
residential,45.2,holiday,high,12,no,8.39,3.59,8.75,3.48
school,66.2,normal,low,10,no,1.51,3.14,0.5,2.19
market,79.0,festival,low,10,no,11.88,3.01,10.82,2.81
office,44.8,normal,high,7,no,4.94,4.75,5.16,4.8
residential,16.5,normal,medium,1,no,5.66,2.58,5.56,2.45
school,0.4,normal,high,10,no,2.49,6.18,2.87,5.92
market,63.4,normal,high,4,no,12.22,3.33,12.24,4.1
school,33.3,holiday,high,9,no,4.78,5.0,4.07,5.82
residential,59.3,festival,low,1,no,5.2,2.48,3.85,2.61
school,75.7,normal,high,9,no,2.27,4.79,4.08,4.8
school,57.6,normal,high,8,no,3.63,3.87,3.17,3.43
school,1.2,festival,medium,5,no,4.31,4.32,4.4,4.24
school,53.5,normal,medium,6,no,1.69,1.81,2.09,2.42
school,185.7,normal,medium,7,no,1.97,4.05,2.96,3.26
office,0.8,normal,low,4,no,2.7,2.25,2.63,2.4
residential,77.4,festival,medium,6,no,7.48,3.39,8.22,3.97
office,61.4,normal,medium,7,no,2.35,2.26,1.27,3.23
market,13.9,holiday,medium,11,no,10.87,3.05,10.12,3.45
residential,84.4,holiday,medium,6,yes,9.56,2.89,9.51,3.28
residential,8.7,normal,medium,11,no,4.53,3.19,5.12,2.64
residential,63.0,normal,medium,12,no,4.32,2.16,3.95,3.11
office,68.5,holiday,high,6,no,5.46,5.35,4.61,4.25
office,9.6,normal,low,2,no,0.64,1.39,1.27,2.3
office,26.7,holiday,medium,5,yes,5.75,4.65,3.59,4.79
market,4.6,festival,low,3,no,10.92,2.6,9.62,2.29
market,105.5,normal,medium,7,no,11.71,3.2,12.21,2.77
residential,23.7,holiday,high,4,no,8.25,3.35,9.24,2.91
residential,8.1,holiday,high,1,no,6.62,5.07,7.25,4.06
market,34.1,holiday,medium,12,no,9.04,3.14,9.52,2.77
residential,20.3,normal,high,12,no,6.44,3.45,5.27,3.91
residential,130.9,normal,low,6,yes,6.03,1.63,5.28,2.24
school,283.7,normal,medium,6,no,3.93,3.06,3.42,2.11
office,34.8,normal,low,7,no,3.82,1.13,2.93,2.37
tourist_area,12.2,normal,high,11,no,5.38,7.51,5.46,7.27
tourist_area,51.3,holiday,medium,8,no,5.17,4.63,6.4,4.88
school,4.9,normal,medium,3,no,3.34,3.44,2.63,2.99
market,149.9,normal,high,6,no,13.41,3.03,13.33,3.71
school,42.8,normal,low,10,no,0.89,2.41,1.75,2.65
office,19.9,holiday,low,2,no,2.77,4.15,1.79,4.08
residential,97.0,normal,high,9,no,5.95,3.58,6.06,3.81
market,1.8,normal,medium,2,no,7.98,2.93,7.41,3.59
office,24.3,normal,low,3,yes,1.56,3.01,1.98,2.67
market,47.0,holiday,medium,12,yes,12.77,5.56,12.09,5.1
school,25.6,normal,medium,10,no,2.7,4.64,2.46,4.06
school,9.2,normal,low,12,no,0.5,1.24,0.62,2.53
residential,33.0,festival,medium,12,yes,10.01,4.89,8.87,4.86
market,13.5,holiday,low,2,no,7.06,2.22,7.37,2.8
residential,110.6,festival,medium,9,no,8.37,2.47,8.27,3.15
residential,20.1,normal,high,1,no,5.82,4.18,6.36,3.05
residential,14.4,normal,high,5,no,6.28,4.31,6.08,4.32
office,38.1,festival,medium,1,no,4.92,5.5,4.28,5.57
residential,64.6,normal,low,5,no,6.29,2.28,5.32,1.79
market,53.9,holiday,high,8,no,15.0,4.73,15.35,4.48
residential,224.6,normal,medium,8,no,5.98,1.08,6.48,1.43
tourist_area,21.5,normal,low,11,no,2.73,2.68,2.74,3.44
residential,110.7,normal,high,8,no,5.9,3.46,7.18,2.95
market,58.1,normal,high,2,no,10.83,4.1,10.92,4.22
office,68.9,normal,high,8,yes,5.51,3.98,5.48,4.33
office,54.0,normal,high,12,yes,5.17,6.09,4.37,5.97
residential,5.9,festival,low,5,no,6.67,2.67,7.02,2.49
office,5.2,normal,low,1,no,3.05,2.74,2.1,3.88
market,118.0,normal,medium,7,no,10.18,1.87,10.23,1.81
market,188.8,holiday,low,6,no,10.22,1.81,9.8,1.77
residential,66.9,normal,medium,5,yes,6.97,2.9,6.7,2.52
residential,31.0,normal,high,1,no,5.52,2.59,5.58,2.69
office,22.4,holiday,high,1,no,3.18,5.65,3.21,5.92
market,51.2,normal,medium,6,no,9.63,1.3,8.77,2.2
market,117.4,holiday,high,10,no,14.96,4.29,15.61,4.28
office,11.6,holiday,high,12,yes,6.8,6.72,5.97,7.45
office,147.6,festival,medium,7,no,6.7,4.58,6.22,4.51
residential,22.8,normal,low,10,yes,4.96,1.76,4.71,1.85
school,28.1,normal,medium,10,no,3.54,3.71,3.81,3.13
residential,15.0,normal,medium,1,no,4.0,3.19,5.41,3.3
office,300.0,normal,low,9,yes,2.74,2.31,2.98,2.44
school,25.4,festival,medium,4,yes,3.58,6.42,3.99,6.23
tourist_area,83.3,normal,low,5,no,1.48,2.38,1.73,2.5
residential,0.2,normal,medium,2,no,3.96,2.45,3.31,2.83
residential,25.5,holiday,high,12,no,6.69,4.1,6.05,4.33
residential,37.9,normal,low,10,no,4.71,1.43,3.89,1.46
residential,132.4,normal,high,8,no,8.65,1.57,7.15,1.52
residential,70.6,normal,medium,2,yes,6.07,3.33,6.45,3.67
tourist_area,0.1,holiday,low,3,no,2.79,4.04,3.47,4.27
residential,0.0,normal,high,12,yes,8.54,4.94,8.0,4.88
residential,79.3,holiday,medium,9,no,7.34,2.81,7.72,1.5
office,0.9,normal,medium,2,no,4.0,3.16,2.84,3.33
market,300.0,holiday,high,6,yes,15.0,4.81,16.58,4.44
office,7.5,holiday,medium,12,no,2.7,4.56,1.83,4.31
residential,19.2,normal,medium,4,no,4.79,0.97,5.45,1.93
market,33.6,normal,low,7,no,5.82,1.2,6.04,1.77
residential,108.6,normal,high,6,no,7.77,3.98,7.87,3.62
residential,14.3,holiday,medium,10,no,7.7,3.07,7.68,3.44
tourist_area,29.1,normal,medium,9,no,5.15,5.14,5.87,4.41
residential,107.1,normal,low,9,no,4.49,1.6,4.34,1.37
market,14.9,normal,medium,10,no,8.45,3.2,8.78,3.14
market,137.9,normal,high,4,no,12.07,3.39,11.7,3.16
residential,7.0,normal,medium,1,no,4.98,4.59,5.84,4.03
tourist_area,23.6,normal,medium,2,no,2.67,5.16,3.13,4.88
residential,300.0,normal,medium,8,no,6.91,1.8,6.68,2.44
school,47.1,holiday,high,10,no,4.33,5.17,4.03,5.06
tourist_area,300.0,normal,medium,8,no,3.18,4.89,4.86,5.37
school,103.5,normal,high,2,no,3.56,4.94,3.5,5.92
tourist_area,20.2,festival,high,4,no,10.27,8.88,10.59,8.42
residential,35.8,holiday,medium,1,no,6.86,3.02,6.56,3.52
market,37.0,festival,low,7,no,11.05,1.84,11.21,1.86
residential,17.5,normal,medium,4,no,4.52,2.75,5.38,3.03
office,49.7,normal,high,11,no,5.35,3.96,5.06,4.27
tourist_area,82.5,normal,low,8,yes,3.76,3.4,3.55,2.91
residential,158.5,holiday,medium,9,yes,8.51,3.51,7.7,1.7
school,41.1,normal,high,12,no,3.62,5.54,3.56,5.57
residential,36.6,normal,medium,9,no,5.41,2.9,5.97,2.74
school,62.6,normal,medium,3,no,4.15,3.85,4.44,4.44
market,18.5,normal,low,5,no,7.58,2.46,6.3,2.23
tourist_area,44.4,normal,low,6,no,3.16,2.41,3.48,3.14
school,179.3,normal,high,6,no,2.99,4.19,3.71,4.01
residential,16.2,normal,low,10,yes,5.68,2.21,5.4,2.02
residential,143.7,normal,medium,8,yes,8.32,1.59,8.42,2.47
residential,94.1,festival,high,6,no,10.7,3.42,11.75,2.38
residential,46.2,holiday,medium,6,no,6.99,3.0,6.4,2.77
residential,49.8,festival,high,4,no,11.47,4.28,10.73,3.94
office,97.8,holiday,high,7,no,5.37,4.07,5.76,4.77
school,75.3,normal,medium,8,no,3.72,3.45,4.0,3.18
market,3.5,normal,low,3,no,6.49,2.38,6.4,2.47
residential,196.7,normal,high,7,no,8.56,2.72,7.54,3.06
office,1.1,normal,medium,3,no,2.76,2.89,2.17,2.46
office,203.0,normal,low,8,no,1.68,2.89,2.51,2.41
residential,13.4,normal,high,1,no,6.41,3.65,6.13,3.34
office,30.6,normal,low,1,no,0.5,3.26,1.21,3.36
market,249.9,normal,high,6,no,13.71,3.98,14.5,3.88
residential,4.9,normal,low,10,no,3.45,2.4,2.88,2.0
market,101.2,normal,low,9,no,8.76,1.61,7.84,1.25
market,43.4,holiday,low,12,no,7.52,2.85,7.14,3.26
residential,42.5,normal,high,4,no,6.7,2.23,7.1,2.56
tourist_area,100.6,normal,medium,6,no,5.3,4.03,5.77,3.39
office,29.4,normal,high,12,no,3.05,4.68,2.49,4.21
school,42.5,normal,medium,5,no,2.02,3.91,2.32,3.98
market,55.2,normal,medium,12,yes,11.78,4.57,11.46,3.79
market,43.0,normal,low,1,no,5.69,1.75,4.67,2.77
school,29.5,normal,medium,6,no,4.1,2.97,3.58,2.78
market,300.0,normal,medium,9,yes,13.37,2.67,11.97,2.8
residential,17.1,festival,medium,12,no,6.27,2.88,6.34,3.33
market,0.7,festival,medium,3,no,13.34,3.42,11.51,3.27
office,13.5,normal,high,11,no,4.69,3.35,5.28,3.03
market,4.1,normal,low,3,no,7.17,1.35,6.51,1.75
residential,3.9,holiday,high,2,no,6.12,4.5,6.11,3.85
office,9.9,normal,low,4,no,2.13,2.81,2.42,2.64
residential,1.6,normal,medium,10,no,5.53,2.0,4.73,2.17
residential,35.0,normal,medium,3,no,4.5,2.72,3.94,2.7
residential,2.3,festival,medium,12,no,7.94,2.83,8.62,3.94
residential,6.8,normal,medium,2,no,6.87,2.73,7.01,2.4
office,2.9,normal,medium,1,no,4.13,5.66,3.23,4.55
market,2.0,holiday,medium,3,no,10.14,4.95,10.6,3.49
residential,9.3,normal,high,10,no,6.68,3.0,6.98,3.02
office,123.8,normal,medium,6,no,2.85,2.62,2.29,2.94
office,282.3,festival,high,9,no,6.81,4.0,6.45,4.15
office,62.5,normal,low,11,no,1.87,1.72,2.97,2.29
residential,62.6,normal,medium,5,no,6.19,2.13,5.09,2.1
market,5.8,normal,medium,3,no,9.32,2.45,10.2,2.08
tourist_area,9.2,normal,medium,5,no,5.31,5.04,4.83,4.97
office,2.4,normal,medium,5,no,4.75,4.56,5.12,3.86
residential,45.2,normal,medium,5,no,4.47,2.15,4.73,2.25
residential,2.2,normal,low,12,no,4.46,2.54,4.58,2.05
market,24.4,holiday,low,12,no,6.18,2.05,7.47,2.07
tourist_area,46.5,normal,low,7,no,3.05,3.75,4.28,3.45
market,8.4,normal,medium,5,no,10.51,2.49,9.7,2.5
market,300.0,normal,medium,7,no,11.24,2.25,10.56,3.02
residential,182.4,holiday,high,9,no,10.18,4.05,9.73,4.02
school,54.4,normal,high,5,yes,4.03,6.27,3.42,6.26
office,25.5,normal,low,2,no,1.36,2.2,1.78,2.24
market,61.4,normal,high,5,no,12.16,3.69,11.94,2.69
office,127.1,normal,high,8,no,4.41,3.22,5.22,3.1
tourist_area,87.7,normal,medium,12,no,2.91,4.37,3.15,4.61
residential,9.9,holiday,medium,4,no,6.56,2.6,5.42,2.53
market,27.1,normal,high,2,no,10.86,3.04,11.52,3.43
residential,35.1,normal,medium,10,no,4.85,3.19,5.08,3.16
office,15.0,normal,high,3,yes,5.05,5.22,4.87,5.43
school,221.5,holiday,low,9,no,2.21,3.16,3.01,3.47
school,288.2,normal,low,9,no,3.53,1.45,3.51,1.68
office,75.2,normal,medium,8,no,3.04,2.64,2.77,2.9
market,67.9,normal,medium,8,yes,12.57,2.74,11.97,3.06
tourist_area,83.3,normal,high,8,no,6.94,5.85,6.35,5.79
market,174.0,normal,high,8,no,15.0,2.66,13.64,3.46
residential,66.7,normal,medium,8,no,6.53,1.47,6.61,2.12
school,1.4,normal,low,1,no,2.4,3.7,2.37,2.76
office,106.2,normal,high,6,no,4.83,3.92,5.27,3.83
residential,0.5,normal,medium,12,no,3.17,4.18,4.57,3.59
office,163.9,normal,low,9,no,1.65,2.5,2.47,3.29
tourist_area,101.8,normal,medium,8,no,5.11,5.13,5.71,4.55
residential,19.2,holiday,high,3,no,8.88,2.69,7.17,2.67
tourist_area,48.1,festival,high,11,no,8.79,9.66,8.9,9.54
residential,1.4,festival,medium,1,no,7.17,2.7,7.73,3.24
residential,5.2,holiday,medium,2,no,7.23,1.78,5.8,2.26
residential,15.2,normal,high,11,no,6.42,4.52,6.62,3.96
tourist_area,7.8,holiday,medium,2,no,6.49,6.08,6.15,6.4
school,55.2,normal,medium,7,yes,3.4,3.79,3.72,3.53
residential,189.2,normal,medium,12,no,5.47,2.8,5.5,2.58
market,153.6,normal,high,6,no,12.79,2.31,13.53,2.49
school,64.6,normal,low,11,no,2.31,2.87,2.26,3.4
residential,83.0,holiday,low,2,no,2.05,2.13,2.01,2.19
tourist_area,17.7,normal,medium,8,no,4.87,5.76,5.31,4.63
office,60.6,normal,medium,9,no,4.2,2.55,4.01,2.38
market,78.0,festival,medium,7,no,15.0,4.62,14.48,4.83
tourist_area,53.2,normal,low,4,no,3.74,3.67,4.51,3.97
market,34.1,normal,medium,1,yes,7.25,4.16,8.39,4.37
tourist_area,8.1,festival,medium,4,yes,8.1,7.88,7.5,7.72
school,14.2,normal,low,4,no,3.09,2.58,2.15,3.29
school,80.8,normal,low,8,yes,2.37,3.69,2.12,2.83
residential,22.5,normal,high,4,yes,7.87,3.93,7.75,4.18
tourist_area,65.9,normal,high,4,no,7.63,5.31,7.35,5.43
market,14.4,holiday,low,2,no,8.61,2.76,7.34,2.51
residential,71.8,normal,high,12,no,6.6,4.29,7.25,4.32
residential,17.5,normal,medium,10,no,4.79,2.04,5.55,2.17
school,185.9,normal,high,7,no,2.78,4.64,3.71,4.2
market,79.9,normal,medium,4,no,9.65,2.55,9.46,2.42
office,71.4,festival,medium,11,no,5.36,3.64,5.67,3.26
tourist_area,39.4,normal,low,6,no,3.23,2.35,3.34,3.0
residential,6.9,normal,medium,3,no,5.51,1.19,4.77,1.3
office,91.4,normal,high,7,no,2.89,3.69,4.41,4.54
residential,55.0,normal,medium,6,no,5.86,0.68,6.04,1.21
office,30.7,festival,medium,3,yes,4.83,5.03,4.59,5.77
office,86.9,normal,low,4,no,2.58,1.48,2.26,1.01
market,3.6,normal,high,10,yes,13.39,4.43,13.12,4.9
office,18.0,normal,medium,5,no,2.16,2.53,3.84,3.27
residential,61.7,holiday,medium,9,no,6.26,2.61,6.39,3.18
market,168.9,normal,high,6,no,13.08,2.09,13.46,1.9
office,100.2,holiday,low,4,yes,3.13,4.31,3.68,3.46
market,19.5,normal,medium,11,yes,9.67,3.35,9.11,3.87
market,3.3,festival,high,11,no,15.0,5.59,16.78,5.6
market,169.4,normal,medium,7,no,10.18,2.11,9.94,2.36
office,35.8,normal,medium,2,no,4.5,3.72,4.89,3.47
residential,13.1,normal,medium,4,no,5.21,2.27,5.05,3.01
residential,65.5,normal,high,5,no,7.22,3.12,7.98,4.2
office,111.7,festival,low,4,no,4.98,3.03,3.0,3.01
office,24.5,holiday,high,4,yes,5.01,6.37,4.73,6.41
residential,25.0,normal,high,11,yes,7.47,4.23,7.51,4.26
residential,81.0,normal,low,9,no,3.38,2.3,2.46,2.54
residential,26.3,normal,high,11,no,4.86,3.79,6.0,4.02
residential,17.4,holiday,medium,2,yes,8.41,4.31,7.79,3.49
market,94.2,normal,medium,6,no,11.36,2.98,10.23,2.51
office,24.9,normal,high,8,yes,7.72,4.98,6.84,4.44
school,65.0,normal,high,8,no,3.52,3.72,4.18,5.24
school,6.6,normal,low,11,yes,3.34,3.09,1.63,3.64
market,109.8,normal,medium,7,no,10.86,2.29,9.88,2.09
office,27.6,normal,medium,10,no,3.79,4.1,3.31,3.51
market,28.1,normal,medium,11,no,8.11,4.92,8.31,4.51
tourist_area,14.7,festival,medium,4,yes,6.69,7.77,7.45,8.05
school,89.8,normal,low,7,no,0.77,1.63,1.9,2.29
residential,53.9,normal,medium,10,yes,4.59,3.0,5.48,2.8
school,71.2,normal,medium,6,no,3.29,5.0,3.56,4.43
residential,132.1,holiday,low,11,no,7.09,1.91,5.28,2.03
school,35.7,normal,high,6,no,2.25,4.96,3.0,4.34
residential,31.5,normal,high,2,no,7.43,2.77,6.72,2.58
residential,50.9,normal,medium,8,no,6.16,2.7,6.9,2.63
office,116.5,normal,medium,8,no,2.61,3.25,3.09,3.18
residential,57.2,normal,medium,11,no,4.18,1.85,4.14,2.45
office,242.9,holiday,medium,7,no,4.63,2.76,5.1,3.26
residential,177.7,festival,low,11,no,5.91,2.93,6.32,3.31
school,80.0,normal,high,9,no,3.53,4.52,3.11,4.22
school,103.4,normal,low,8,no,2.82,2.77,2.37,2.86
market,58.6,festival,low,9,no,10.65,2.7,10.53,2.93
residential,63.6,normal,low,9,no,3.63,1.2,4.56,1.23
residential,30.2,holiday,low,6,no,4.46,1.72,4.88,1.79
residential,58.2,normal,low,2,yes,4.33,2.15,4.65,2.01
residential,72.1,festival,high,12,yes,11.03,4.99,11.1,6.28
school,132.6,holiday,medium,7,yes,5.27,4.78,5.09,4.71
tourist_area,9.9,festival,low,3,no,4.74,4.14,5.62,4.48
office,66.0,normal,low,7,no,1.42,1.97,1.72,1.88
office,130.0,normal,high,9,no,4.44,4.22,4.54,3.89
office,11.2,festival,medium,10,no,4.79,4.42,3.96,3.88
school,72.1,normal,medium,10,no,1.21,2.96,1.31,3.87
residential,33.4,normal,high,2,no,7.2,2.9,6.57,3.41
tourist_area,114.1,holiday,medium,6,no,6.19,5.28,5.64,4.94
school,96.6,holiday,medium,6,no,3.01,3.92,4.01,3.5
school,66.8,festival,low,9,no,3.79,3.92,3.05,3.7
residential,231.7,normal,medium,9,yes,7.36,3.16,7.59,2.66
market,29.7,holiday,medium,5,no,10.21,4.35,10.76,3.7
market,153.8,holiday,medium,5,no,11.77,3.63,11.75,2.77
office,109.3,normal,medium,9,no,4.82,2.39,5.12,2.8
market,125.8,normal,medium,8,no,9.67,2.38,8.49,2.53
market,83.1,normal,low,7,no,5.76,1.46,6.41,2.07
tourist_area,129.8,normal,low,8,no,4.22,3.63,3.49,3.23
residential,173.4,festival,medium,6,no,9.14,4.22,8.04,3.37
market,45.2,normal,high,3,yes,14.45,5.06,13.16,4.14
residential,138.6,holiday,medium,7,no,7.97,3.05,7.73,3.21
office,80.4,festival,medium,8,no,6.25,3.56,5.5,4.08
tourist_area,300.0,normal,medium,8,no,4.23,4.31,5.31,4.11
residential,160.1,holiday,low,1,no,2.7,0.83,3.22,0.75
office,48.2,normal,low,7,no,3.17,2.3,2.78,1.64
residential,82.7,holiday,medium,3,no,7.34,2.2,6.54,2.19
tourist_area,10.3,normal,low,2,no,3.43,3.5,3.22,3.96
office,35.1,festival,low,2,yes,3.82,4.32,3.54,4.27
office,103.7,normal,high,8,no,5.7,5.23,4.82,3.91
residential,276.6,normal,low,9,no,5.66,2.47,5.73,2.18
tourist_area,3.2,holiday,medium,3,no,4.21,5.66,4.21,5.27
office,20.7,normal,medium,3,no,3.62,3.39,3.09,3.16
residential,86.1,normal,medium,6,no,5.08,3.24,5.66,3.18
office,11.8,normal,medium,11,yes,4.15,4.76,4.1,5.03
residential,31.1,holiday,medium,10,no,6.15,2.58,5.62,3.19
office,4.2,normal,medium,1,no,1.3,3.49,2.34,3.56
residential,143.3,normal,high,6,no,8.52,2.86,8.66,3.18
office,118.3,normal,high,12,no,3.71,4.93,3.92,4.69
market,49.0,normal,low,3,no,6.08,1.3,5.84,1.51
residential,59.0,normal,low,11,no,3.95,0.63,3.65,1.03
residential,13.4,normal,high,4,no,7.23,3.78,7.06,3.47
residential,79.9,normal,medium,9,no,6.62,3.36,5.44,2.27
market,21.8,normal,medium,3,no,8.2,3.4,8.15,3.08
residential,1.4,normal,medium,1,no,5.92,2.09,5.93,2.98
school,87.2,festival,low,3,no,1.88,2.98,2.78,2.7
residential,42.7,normal,medium,7,no,5.51,2.6,5.46,1.77
residential,256.7,normal,medium,7,no,5.56,1.75,6.5,1.26
office,2.6,normal,low,11,yes,2.61,3.21,3.77,4.41
residential,51.9,normal,medium,5,no,6.37,2.62,5.86,2.66
tourist_area,4.9,holiday,high,1,yes,7.93,10.0,8.34,9.68
office,1.2,normal,medium,11,no,1.16,3.48,0.54,3.64
school,109.4,normal,low,8,no,4.21,2.8,2.66,2.69
school,9.9,normal,medium,10,yes,2.72,4.31,2.89,4.27
tourist_area,163.2,normal,high,8,no,7.63,5.33,6.89,5.08
residential,24.3,normal,high,10,no,7.43,3.12,8.45,3.09
residential,3.5,normal,medium,12,no,2.6,1.29,3.82,1.68
residential,80.7,normal,low,10,no,5.68,1.19,5.55,1.24
office,18.1,festival,high,10,no,4.87,6.94,5.48,6.62
residential,39.8,normal,medium,2,no,4.27,2.48,3.78,2.04
school,20.9,normal,low,10,no,1.69,2.9,1.47,4.02
tourist_area,27.8,festival,medium,3,yes,9.16,7.02,8.8,7.66
office,10.8,holiday,medium,4,yes,4.53,5.22,4.12,4.39
market,6.7,normal,medium,1,no,7.61,2.59,8.1,1.72
residential,23.5,holiday,low,4,no,3.94,2.39,4.69,1.86
office,17.4,holiday,medium,5,no,4.4,2.6,4.23,3.39
school,14.8,normal,high,3,no,2.76,4.73,1.85,5.1
residential,33.5,normal,high,11,no,5.93,3.01,7.31,3.16
residential,35.2,normal,high,10,no,5.6,2.05,6.01,2.3
tourist_area,1.4,festival,high,2,no,8.47,8.2,10.1,7.98
school,95.3,normal,low,6,no,1.96,2.82,2.45,2.44
office,117.8,normal,medium,8,no,2.91,2.25,3.04,2.09
office,16.0,holiday,medium,7,no,4.81,1.42,4.86,2.13
school,8.1,normal,high,11,no,2.42,6.4,1.59,6.64
market,1.6,normal,medium,1,no,7.37,1.67,8.17,1.99
market,167.5,normal,high,4,no,13.1,3.69,14.43,3.86
residential,40.0,normal,medium,3,yes,6.1,2.97,4.67,3.3
market,29.4,holiday,high,6,no,15.0,5.4,15.21,4.24
office,71.3,normal,low,9,yes,2.88,3.06,2.83,2.51
school,97.7,holiday,low,9,no,1.63,3.03,2.5,3.43
tourist_area,51.4,normal,high,7,no,7.34,5.17,8.57,4.86
market,46.4,normal,low,12,no,5.98,3.14,6.27,2.77
school,223.0,festival,high,9,no,7.53,4.38,8.2,5.88
school,112.3,normal,low,8,no,1.66,2.12,1.99,2.65
school,6.2,normal,medium,5,no,3.02,3.58,3.18,3.66
office,186.1,normal,medium,9,no,3.28,2.77,3.53,3.24
residential,270.3,holiday,medium,7,yes,8.62,3.14,9.49,2.9
market,26.0,normal,medium,5,no,8.85,3.07,8.82,3.38
residential,113.8,normal,medium,8,no,5.39,2.05,6.09,1.14
market,77.2,normal,low,7,no,8.67,1.91,7.53,1.77
market,85.4,normal,low,9,no,7.9,1.64,7.39,0.8
school,39.8,holiday,medium,10,no,2.1,4.48,2.11,4.57
tourist_area,78.8,normal,medium,1,no,3.83,4.95,4.04,4.9
school,123.1,normal,high,9,no,4.43,4.45,3.97,5.11
office,153.4,normal,medium,7,no,4.23,2.7,4.69,3.06
market,5.6,normal,medium,1,no,8.04,3.15,7.43,2.91
school,7.1,festival,medium,1,no,4.45,5.35,3.06,5.21
residential,22.8,normal,low,5,no,5.1,1.17,3.91,1.53
residential,15.4,festival,medium,8,no,9.41,2.71,9.82,2.5
market,97.1,normal,high,9,no,11.26,3.51,11.26,3.47
market,10.3,normal,high,12,no,12.64,4.27,12.2,4.95
residential,185.9,festival,medium,6,yes,10.7,3.67,10.66,3.1
residential,49.5,normal,medium,12,no,4.14,3.02,4.9,2.73
residential,18.7,holiday,high,10,no,8.1,3.63,8.04,3.53
tourist_area,6.0,festival,medium,12,no,7.56,7.8,8.85,9.07
residential,121.7,normal,low,8,no,3.94,2.4,5.28,2.25
market,300.0,normal,low,6,no,8.43,1.5,8.04,2.07
residential,29.2,holiday,medium,11,no,7.45,3.58,6.62,3.7
school,65.1,normal,high,6,no,2.87,4.19,5.18,4.69
residential,0.5,normal,medium,4,no,5.17,3.35,4.55,3.12
residential,11.6,normal,low,11,no,3.02,1.98,3.28,2.1
market,6.5,normal,low,5,yes,8.23,1.8,8.27,1.4
residential,50.3,holiday,high,2,no,6.2,4.33,6.67,4.22
residential,55.9,normal,high,3,yes,8.2,4.07,6.95,3.9
residential,9.0,normal,medium,3,no,4.93,2.02,5.16,2.45
residential,11.8,normal,medium,12,no,4.3,2.45,3.9,2.6
residential,8.1,normal,low,11,no,2.38,2.69,3.79,2.67
residential,71.7,normal,high,5,no,9.06,3.14,7.59,3.46
office,21.0,holiday,high,5,no,4.35,5.1,4.8,3.64
school,97.4,normal,medium,6,yes,1.41,3.94,0.91,3.83
market,16.1,holiday,high,5,no,14.16,4.43,13.29,3.45
residential,29.9,festival,low,12,no,6.08,3.04,5.37,2.94
tourist_area,72.0,normal,low,6,no,3.56,2.4,3.3,2.53
market,74.0,normal,low,8,no,7.5,0.78,8.37,1.84
residential,30.2,normal,low,2,no,2.5,2.19,2.84,2.09
school,26.8,normal,medium,4,no,2.37,3.88,3.25,3.61
residential,57.2,festival,medium,6,no,8.42,2.62,8.44,3.12
residential,4.9,festival,medium,12,no,6.38,3.85,7.14,3.65
market,13.8,normal,medium,5,no,9.3,2.19,8.9,2.22
office,16.1,normal,medium,1,no,1.72,3.57,1.66,3.78
market,116.3,festival,low,9,no,9.72,2.72,9.14,3.3
office,73.8,festival,medium,3,no,3.44,3.7,4.07,4.37
tourist_area,1.1,normal,medium,2,no,3.86,6.0,4.09,5.85
residential,57.2,normal,medium,9,no,5.7,1.04,6.08,2.82
residential,28.3,normal,high,7,no,7.96,4.0,8.11,3.1
market,20.9,festival,high,5,yes,15.0,5.99,18.0,5.49
market,16.8,normal,high,12,no,11.53,3.83,11.4,4.18
market,141.6,normal,medium,6,no,9.05,2.28,10.08,3.06
tourist_area,8.3,normal,low,12,no,2.83,4.1,2.79,3.64
office,27.1,normal,medium,11,no,2.71,4.08,2.29,4.72
school,64.6,normal,low,4,no,1.95,1.64,2.4,1.42
residential,72.5,festival,medium,1,no,7.29,3.77,7.23,3.51
office,95.7,normal,low,4,no,1.9,2.01,2.61,2.19
tourist_area,124.7,normal,high,9,no,5.96,4.78,6.5,4.79
office,70.9,normal,low,1,no,4.01,1.77,2.77,1.82
residential,8.0,normal,high,10,yes,8.78,4.34,9.17,4.52
school,6.6,normal,high,3,no,3.65,3.66,2.95,4.95
residential,0.2,normal,medium,5,no,5.27,2.71,5.74,1.57
residential,135.3,normal,high,7,no,10.75,2.94,10.52,2.87
residential,275.5,normal,medium,9,no,5.85,2.04,5.6,1.99
school,49.9,normal,high,6,no,3.19,4.02,4.18,4.28
school,30.4,normal,medium,3,no,1.57,5.05,2.14,4.38
residential,119.6,festival,high,7,no,14.49,2.67,14.3,2.43
market,78.8,festival,medium,4,no,14.29,3.39,13.72,4.17
market,31.2,normal,high,3,no,11.24,3.69,11.27,4.25
market,300.0,normal,medium,7,no,11.36,2.61,10.3,2.4
residential,12.7,festival,medium,11,no,8.26,3.88,9.09,3.49
market,12.9,normal,high,11,no,10.62,3.01,9.77,3.27
office,82.1,holiday,high,7,no,4.69,4.65,4.95,3.33
residential,14.5,festival,medium,4,no,10.32,3.23,8.9,3.32
residential,0.0,normal,low,12,no,3.27,3.12,3.79,2.97
market,150.6,normal,medium,7,yes,11.23,3.08,12.82,3.07
tourist_area,41.8,festival,high,11,no,8.89,8.98,9.54,8.94
school,41.2,normal,high,2,no,2.76,5.45,4.66,5.4
school,12.7,normal,high,1,no,2.31,6.21,1.81,5.48
market,22.2,normal,low,12,no,5.31,3.41,4.84,2.73
school,13.4,normal,medium,2,no,1.67,4.49,1.37,4.22
residential,0.5,normal,medium,4,no,5.26,2.04,5.33,2.5
school,99.0,holiday,high,8,no,3.73,3.93,3.53,5.03
tourist_area,4.0,festival,low,3,no,2.71,4.27,3.16,4.25
school,2.5,normal,high,10,no,2.65,4.53,3.34,4.36
office,179.9,normal,medium,6,no,1.84,2.91,1.81,2.9
office,64.0,normal,low,6,no,4.23,2.71,2.91,3.34
residential,276.4,normal,medium,9,no,5.51,2.5,5.39,1.86
tourist_area,108.6,normal,medium,9,yes,6.25,5.99,5.93,6.11
residential,122.3,festival,medium,4,no,8.41,3.09,9.01,3.62
market,36.6,holiday,low,9,yes,10.28,2.18,9.57,2.24
residential,106.4,normal,low,6,no,5.06,1.13,4.38,0.97
residential,12.9,normal,high,2,no,6.5,3.63,6.69,3.74
market,55.6,normal,low,10,no,6.2,1.95,6.84,2.16
residential,13.4,normal,low,11,no,5.25,1.99,5.51,2.25
market,55.5,normal,medium,6,no,9.81,1.83,10.14,3.1
school,58.5,normal,medium,2,no,2.07,4.06,2.23,4.1
residential,90.6,festival,high,8,no,11.11,5.4,11.94,4.03
residential,0.5,normal,medium,4,no,4.91,2.93,4.89,2.71
school,14.8,normal,high,5,no,4.73,4.21,4.16,4.56
residential,148.4,holiday,medium,8,no,6.08,1.31,5.45,2.35
office,8.8,normal,low,11,no,1.91,3.18,2.58,2.85
school,98.5,normal,low,8,no,2.36,2.72,2.43,2.36
office,1.8,normal,medium,12,no,2.21,3.97,2.93,3.38
school,26.6,normal,medium,12,no,2.33,4.89,0.67,4.98
market,164.4,holiday,high,6,no,15.0,3.85,15.58,5.28
school,16.0,normal,medium,4,yes,3.02,4.71,2.54,4.56
residential,16.4,holiday,medium,1,no,6.48,3.69,7.01,3.58
residential,2.8,normal,low,12,no,2.77,1.4,3.46,1.43
office,75.5,normal,low,7,no,1.51,2.2,2.13,1.54
market,63.5,holiday,medium,8,no,13.14,3.25,12.4,3.3
office,66.5,normal,medium,9,no,2.01,2.83,2.76,2.98
office,22.6,normal,medium,2,no,4.62,4.73,3.3,3.12
office,89.2,normal,low,1,no,1.69,3.26,1.8,3.63
tourist_area,2.3,normal,medium,4,yes,6.08,6.63,5.53,6.44
market,27.5,normal,high,5,no,12.63,3.77,14.02,3.7
residential,22.4,normal,medium,10,no,5.63,2.51,6.31,2.31
school,21.8,normal,medium,12,no,0.94,4.0,2.16,4.43
market,61.9,normal,high,1,no,11.97,3.74,10.58,4.06
school,6.9,festival,medium,5,no,5.09,3.82,5.28,4.43
office,77.0,normal,medium,6,no,3.6,3.49,3.68,3.74
school,33.5,holiday,low,3,no,0.72,3.13,2.03,3.71
market,12.7,normal,medium,12,no,8.64,4.24,8.62,4.78
residential,77.3,normal,low,7,no,6.15,3.26,5.49,2.07
market,57.1,holiday,high,6,yes,15.0,5.28,16.73,4.76
residential,11.1,normal,high,4,no,5.77,3.41,5.22,3.42
tourist_area,28.8,holiday,high,3,no,7.12,6.55,6.6,6.51
residential,5.7,normal,high,5,no,7.86,3.44,7.91,2.96
residential,16.0,normal,medium,3,yes,4.97,2.91,5.92,3.15
residential,19.8,normal,medium,10,no,5.4,2.74,4.96,3.03
school,78.6,normal,high,9,no,2.57,5.78,3.01,5.84
school,300.0,holiday,high,9,no,5.82,4.34,4.42,4.48
residential,54.5,normal,medium,6,yes,4.89,2.41,6.56,2.72
residential,90.5,festival,high,11,yes,12.06,5.62,12.96,5.61
market,101.5,festival,medium,6,no,14.13,3.76,15.09,3.56
residential,47.6,normal,medium,12,no,4.13,2.89,4.65,2.49
school,16.9,normal,medium,4,no,4.34,3.68,4.59,3.3
school,18.1,festival,low,4,no,3.13,4.12,2.62,4.11
market,63.4,festival,low,2,no,8.44,2.13,8.13,2.02
residential,67.9,normal,low,10,no,4.74,1.45,5.04,0.76
tourist_area,8.2,normal,medium,4,no,5.22,4.24,5.62,4.45
market,31.7,normal,medium,8,no,10.15,1.81,9.32,2.81
school,20.6,normal,medium,10,no,4.67,4.15,3.51,2.81
residential,69.2,normal,high,2,no,7.79,3.04,8.16,2.99
market,75.4,holiday,medium,9,yes,13.57,4.74,13.69,4.6
residential,31.7,normal,medium,1,no,3.13,2.1,4.21,1.5
market,36.9,normal,low,2,yes,8.31,2.86,7.03,2.64
tourist_area,45.2,normal,low,2,yes,4.05,5.08,4.27,4.21
market,24.9,normal,high,11,no,12.86,3.98,11.48,3.61
residential,89.5,normal,medium,6,no,4.55,2.59,3.9,2.2
residential,300.0,normal,high,7,yes,9.94,3.38,10.46,2.69
market,28.4,normal,low,3,no,4.72,0.24,6.13,0.5
residential,39.1,normal,medium,11,no,4.01,3.61,4.27,3.15
residential,78.7,normal,medium,9,no,7.07,3.08,6.12,3.7
office,33.3,festival,low,5,no,2.67,3.51,4.18,3.57
market,8.9,normal,low,5,no,6.49,0.43,6.59,1.56
residential,8.4,normal,low,11,no,3.28,1.77,3.43,2.18
tourist_area,37.6,normal,medium,12,no,4.76,5.12,5.6,5.05
residential,22.1,festival,low,4,no,5.93,1.36,5.8,1.85
tourist_area,120.8,normal,high,9,no,7.38,6.71,6.74,6.75
residential,83.4,normal,medium,8,no,5.87,2.52,6.36,2.7
tourist_area,27.4,holiday,low,12,no,4.27,4.35,3.69,4.54
school,17.6,normal,low,4,no,2.41,3.38,2.15,3.28
office,27.3,normal,medium,4,no,3.58,3.18,2.63,4.34
tourist_area,10.3,normal,low,2,yes,3.49,1.92,3.64,3.39
residential,135.6,normal,high,9,no,7.67,2.64,7.66,2.58
tourist_area,49.2,normal,high,3,no,6.48,5.09,6.81,5.58
market,9.0,holiday,low,4,no,8.38,2.34,8.76,1.84
market,57.5,normal,medium,7,no,9.56,1.95,10.14,3.25
residential,32.5,holiday,low,10,no,5.88,1.83,5.62,2.62
market,125.6,normal,medium,8,no,8.9,1.01,9.34,1.71
residential,96.3,holiday,medium,8,no,7.27,2.46,7.56,3.42
school,34.4,normal,medium,4,no,4.27,4.62,2.95,4.51
market,73.9,normal,low,7,no,8.7,3.03,6.88,2.25
office,15.1,normal,medium,10,no,3.23,4.13,3.86,4.24
office,8.8,festival,medium,1,no,2.86,4.15,3.84,4.6
market,66.5,normal,low,6,no,7.64,2.75,7.49,2.7
residential,135.3,normal,medium,6,no,5.84,2.9,6.53,1.92
residential,77.7,normal,medium,6,no,7.32,1.86,6.3,1.62
residential,83.3,normal,high,12,no,5.67,2.2,5.6,3.51
residential,52.6,normal,low,2,no,3.1,2.56,2.72,2.96
residential,181.0,normal,high,8,no,8.6,2.0,8.76,2.92
residential,71.1,normal,medium,5,no,5.03,2.85,4.31,3.57
tourist_area,15.8,normal,low,5,no,3.46,3.28,3.11,3.5
school,56.3,normal,medium,2,no,1.53,4.71,2.01,4.61
residential,5.2,normal,medium,4,no,5.8,2.57,4.86,2.07
school,0.7,holiday,high,12,no,1.08,6.68,1.79,6.51
residential,165.0,normal,low,9,no,4.21,2.91,2.89,1.38
market,61.6,normal,medium,9,no,8.4,2.78,9.14,2.6
school,300.0,normal,medium,6,no,2.35,3.75,2.24,2.53
market,33.7,festival,high,11,yes,15.0,6.08,16.81,6.8
market,147.9,festival,medium,9,yes,15.0,3.28,15.2,3.83
tourist_area,8.5,holiday,high,4,no,6.47,7.09,6.7,6.17
tourist_area,33.6,normal,high,11,no,5.21,7.69,4.63,7.26
school,1.3,normal,medium,1,no,1.13,4.69,2.76,5.35
school,54.6,normal,high,2,no,2.71,5.68,1.43,5.4
school,5.6,normal,high,1,no,2.95,4.85,2.74,4.67
residential,108.9,normal,medium,8,no,7.05,1.49,6.66,0.95
market,76.0,holiday,medium,9,no,10.66,3.27,10.43,2.39
residential,2.1,holiday,medium,10,no,6.96,1.71,6.75,2.47
market,19.7,holiday,medium,12,no,9.64,3.52,9.2,3.51
market,91.3,normal,low,6,no,9.23,1.77,9.46,1.62
residential,39.2,normal,low,2,no,4.68,2.52,3.5,1.98
tourist_area,53.8,normal,medium,6,no,5.43,3.29,3.95,3.68
tourist_area,88.3,normal,medium,9,no,5.14,4.28,4.29,3.8
office,25.1,holiday,low,12,no,2.75,2.4,2.91,2.91
market,10.1,normal,high,3,no,12.12,4.42,11.57,3.5
office,100.1,normal,high,9,no,4.56,3.83,4.98,3.57
residential,50.7,normal,low,2,no,4.53,2.37,4.39,2.55
office,5.9,normal,medium,11,yes,3.97,4.63,3.42,4.79
residential,2.6,holiday,medium,5,yes,7.81,4.06,7.51,3.99
office,11.9,normal,high,11,no,4.7,5.7,4.21,6.3
residential,16.6,holiday,low,2,no,3.86,2.06,5.07,2.02
office,119.1,normal,low,7,no,1.57,1.29,2.45,1.61
tourist_area,14.0,normal,high,11,no,6.85,6.04,7.68,6.34
residential,46.8,holiday,high,10,yes,9.44,5.08,10.12,4.61
market,45.5,normal,high,9,no,11.3,4.04,11.76,3.35
tourist_area,68.5,festival,high,7,yes,13.83,7.88,13.03,8.21
market,14.5,normal,low,12,no,6.43,1.58,6.41,2.11
office,31.3,normal,medium,5,no,4.39,2.93,3.93,3.23
school,101.7,normal,low,4,no,1.62,2.42,1.72,2.51
market,21.4,festival,low,12,no,11.02,3.0,10.26,3.47
residential,130.0,normal,high,4,no,6.3,2.58,5.48,2.75
residential,10.8,holiday,low,10,no,4.05,0.41,5.03,0.94
office,40.6,normal,medium,8,no,1.97,4.28,2.55,3.28
market,5.4,normal,high,10,no,11.14,3.11,10.52,2.76
market,15.1,normal,low,10,no,6.57,2.75,6.84,3.11
market,11.4,normal,high,10,no,11.0,3.91,10.78,3.58
school,3.1,normal,high,10,no,3.84,5.57,4.02,4.98
office,17.0,festival,medium,10,no,3.96,4.16,4.81,4.13
tourist_area,12.4,normal,low,1,no,2.18,4.19,3.17,3.82
market,3.9,normal,medium,5,yes,11.91,1.88,11.47,3.28
office,10.5,normal,medium,2,no,4.27,2.73,3.4,2.95
office,65.3,normal,medium,11,no,2.82,3.77,2.54,4.92
school,76.2,normal,medium,9,no,4.41,2.39,3.31,2.95
tourist_area,151.9,normal,high,7,no,8.71,4.93,8.2,5.97
residential,28.4,normal,low,10,no,3.63,2.74,3.59,2.69
residential,88.4,normal,high,8,yes,9.16,3.78,8.75,3.74
office,52.9,normal,low,6,yes,2.07,2.12,1.79,3.03
market,85.6,normal,medium,9,no,8.38,2.03,8.72,2.82
office,124.5,normal,high,6,no,3.98,3.66,4.05,4.01
tourist_area,80.1,normal,medium,7,no,6.17,4.51,5.19,5.37
residential,41.5,normal,low,7,no,5.4,0.59,5.53,0.76
tourist_area,45.6,festival,medium,9,no,7.91,5.58,8.86,5.26
market,63.5,holiday,high,11,no,12.77,4.43,13.84,4.26
market,102.5,holiday,medium,8,no,13.13,3.6,12.27,4.06
school,29.4,normal,medium,1,no,2.27,4.89,2.26,5.21
tourist_area,20.2,holiday,medium,4,no,5.32,4.4,6.4,4.62
residential,166.8,holiday,high,7,yes,11.08,3.02,10.66,2.23
market,23.8,holiday,high,11,no,15.0,6.0,15.01,5.37
school,47.4,normal,medium,8,no,2.38,3.74,1.72,3.14
office,263.9,normal,high,7,no,5.29,3.36,6.23,3.18
school,38.2,holiday,medium,12,no,2.05,4.46,2.12,4.32
residential,3.5,normal,medium,3,no,4.15,2.73,5.73,1.88
residential,5.9,normal,low,4,no,3.17,1.79,4.52,2.58
market,46.4,normal,medium,12,no,9.07,3.1,8.65,2.92
office,185.7,normal,medium,7,yes,5.39,4.4,4.56,4.57
residential,111.1,normal,low,8,no,5.62,0.97,5.26,1.09
residential,79.2,normal,medium,7,no,4.34,1.41,4.91,1.19
tourist_area,129.8,normal,high,6,no,6.87,5.36,6.77,5.62
residential,88.8,normal,medium,9,no,4.92,2.47,4.17,2.18
tourist_area,93.8,normal,medium,9,no,5.22,4.46,4.82,4.35
school,3.4,normal,high,11,no,5.07,4.47,3.73,5.05
office,300.0,normal,low,7,yes,3.95,2.5,4.05,2.02
residential,147.2,normal,medium,8,no,6.25,2.03,6.73,1.31
residential,106.8,holiday,high,6,no,11.29,2.98,11.05,3.03
office,11.4,normal,medium,1,no,4.37,3.57,3.93,4.04
office,5.3,normal,medium,1,no,2.99,2.73,2.39,2.75
office,71.9,normal,low,6,no,4.87,1.41,4.1,1.79
residential,32.5,holiday,high,2,no,8.59,2.58,8.57,3.79
office,74.9,normal,medium,8,no,1.91,3.97,2.2,3.47
office,14.5,normal,high,1,no,4.86,4.78,4.48,4.81
school,28.5,normal,medium,2,no,0.75,3.56,1.27,3.8
office,177.9,normal,medium,8,no,3.29,2.87,4.42,2.54
office,0.8,holiday,high,12,no,3.42,4.53,4.41,4.75
school,90.2,holiday,medium,6,no,2.55,3.28,3.31,3.11
residential,42.6,normal,medium,12,yes,5.29,3.67,4.41,3.74
market,23.7,normal,medium,10,no,8.85,3.93,8.9,3.84
residential,31.6,normal,high,2,no,5.02,3.34,5.37,3.67
market,21.8,normal,medium,2,no,7.58,3.16,7.53,2.93
market,144.4,normal,medium,11,no,8.47,4.05,7.67,4.09
residential,40.4,normal,low,7,no,4.57,1.16,3.88,1.43
residential,20.3,normal,high,5,no,6.53,3.16,6.86,3.1
residential,2.9,normal,low,5,yes,4.53,1.46,5.34,0.18
office,78.6,festival,medium,8,no,4.89,3.71,4.76,3.4
tourist_area,14.5,normal,medium,12,no,2.5,5.14,2.98,4.71
residential,5.1,holiday,medium,12,no,5.46,2.98,6.63,3.41
tourist_area,261.1,holiday,medium,7,no,6.64,4.83,6.53,4.67
market,88.0,normal,low,12,no,6.95,2.33,6.57,1.85
residential,58.8,holiday,medium,9,no,7.46,2.37,7.04,2.6
residential,30.6,normal,high,4,no,7.43,3.46,6.51,2.63
market,22.9,normal,high,10,no,11.12,3.88,11.73,3.4
office,50.7,normal,low,4,yes,2.89,3.46,2.47,2.84
office,29.6,festival,high,2,no,6.35,6.44,6.07,6.47
residential,0.0,normal,medium,3,yes,3.98,2.54,4.9,3.37
residential,43.2,normal,high,1,no,5.95,3.72,7.25,3.29
market,41.2,festival,medium,1,no,11.49,3.79,11.01,4.49
residential,76.5,normal,medium,7,no,5.49,1.34,6.22,1.69
residential,70.0,normal,high,5,no,7.64,2.43,8.13,2.75
residential,71.7,holiday,high,3,no,8.65,2.9,7.94,3.17
office,90.2,holiday,medium,7,no,4.77,4.46,4.96,3.85
tourist_area,28.1,festival,medium,2,no,4.42,6.77,6.17,6.87
market,169.8,festival,medium,3,no,13.37,4.43,12.8,4.37
tourist_area,10.6,normal,medium,1,no,6.1,5.4,5.47,4.92
residential,70.8,holiday,medium,8,yes,6.59,3.72,7.52,3.3
market,6.1,normal,medium,2,yes,8.9,4.49,9.28,4.9
residential,218.4,normal,high,7,no,8.49,3.18,8.93,2.96
school,40.9,normal,low,11,no,1.83,2.85,1.96,3.04
tourist_area,41.3,normal,medium,9,no,5.12,5.37,5.35,5.51
school,300.0,festival,low,6,no,5.25,2.8,4.05,2.58
market,39.4,festival,medium,2,no,12.72,5.44,12.52,4.74
school,57.0,normal,low,2,no,1.85,1.59,1.51,2.5
residential,77.5,normal,medium,9,no,6.08,2.17,5.11,2.75
tourist_area,21.1,normal,high,10,no,5.95,6.74,5.76,5.54
market,178.2,holiday,high,8,no,15.0,3.07,15.8,2.99
market,101.6,holiday,low,9,yes,9.2,2.47,9.79,2.08
school,33.0,normal,medium,4,no,1.72,2.49,1.33,3.0
school,51.1,normal,medium,4,no,1.85,3.64,1.61,3.26
residential,14.1,normal,high,2,no,5.96,2.08,6.45,2.93
school,56.6,normal,high,10,yes,4.5,6.78,4.65,6.6
residential,5.3,festival,medium,1,no,5.93,3.23,6.95,3.71
office,9.5,normal,medium,10,no,3.09,4.54,3.9,4.49
office,1.3,normal,high,4,yes,4.73,5.48,5.17,5.69
office,13.6,normal,low,10,no,2.55,3.16,2.2,2.68
school,14.3,normal,medium,10,no,1.77,3.49,2.15,3.76
market,49.1,festival,high,11,no,15.0,4.29,17.2,4.57
residential,104.4,normal,high,8,no,7.62,3.49,9.42,2.52
office,17.2,normal,medium,2,no,2.87,3.8,3.08,4.11
residential,31.7,normal,medium,12,no,3.28,1.79,4.21,2.22
market,1.6,normal,medium,11,no,8.23,2.24,8.77,2.01
residential,84.5,normal,medium,8,no,5.2,1.89,5.49,2.23
residential,29.6,holiday,medium,1,no,6.28,3.93,6.69,3.4
school,30.8,normal,medium,1,yes,3.42,6.46,3.75,4.9
residential,44.6,normal,high,4,no,6.99,3.19,7.28,2.5
office,49.8,normal,high,7,no,6.13,3.78,5.42,3.47
residential,129.6,normal,low,9,no,4.5,1.46,3.46,1.58
residential,34.6,normal,medium,5,no,4.48,1.68,5.35,2.3
market,99.2,normal,medium,2,no,7.64,3.28,7.85,3.47
residential,7.3,holiday,medium,12,yes,6.02,5.46,5.86,5.08
residential,86.3,festival,low,7,yes,8.17,1.35,7.54,1.75
office,27.6,normal,medium,11,no,2.35,3.65,3.02,4.46
residential,198.2,normal,high,2,no,6.81,2.86,5.68,3.26
office,33.6,normal,medium,9,no,3.67,3.13,3.69,3.25
residential,89.9,normal,high,9,no,8.33,3.5,8.49,3.48
residential,12.7,holiday,high,3,no,8.13,3.09,8.3,3.16
office,78.7,normal,low,8,no,0.77,1.98,1.28,1.99
residential,7.9,normal,low,11,no,3.01,2.47,2.56,1.27
residential,1.5,holiday,high,4,yes,10.18,4.57,10.48,4.29
market,25.5,holiday,high,3,no,12.76,5.28,13.64,5.65
residential,12.3,normal,low,1,no,2.16,2.0,2.34,1.99
office,6.0,normal,low,5,yes,2.02,3.29,2.69,3.09
residential,11.7,normal,low,11,no,3.91,0.63,4.8,1.64
office,1.5,normal,high,4,yes,5.31,4.91,5.4,5.23
tourist_area,90.1,festival,low,1,yes,5.58,5.62,5.44,5.27
market,26.1,holiday,medium,10,no,11.21,1.51,11.54,2.38
tourist_area,166.8,holiday,high,8,no,9.27,5.87,8.62,5.45
market,81.8,normal,low,8,no,6.25,1.68,5.97,1.8
tourist_area,202.8,holiday,medium,8,no,5.79,4.7,6.58,4.28
residential,19.8,normal,medium,3,no,5.28,2.07,4.83,2.65
school,96.6,normal,high,6,no,3.89,4.2,3.74,4.06
market,20.3,normal,medium,12,no,8.25,3.66,7.82,3.18
market,39.6,normal,medium,12,yes,9.92,3.2,9.52,3.57
school,98.1,holiday,medium,7,no,2.9,2.42,4.03,3.19
office,79.9,normal,low,9,no,1.06,1.66,2.63,1.35
residential,4.7,normal,low,5,no,6.96,0.85,6.91,0.96
residential,107.0,normal,medium,9,yes,5.77,2.33,6.74,2.54
office,107.0,normal,medium,6,yes,3.81,3.81,4.24,4.32
school,3.0,normal,high,10,no,4.33,5.77,3.12,4.37
tourist_area,15.1,normal,high,10,no,7.57,6.76,6.92,6.9
office,21.7,holiday,medium,10,no,3.63,5.03,4.95,4.39
tourist_area,52.6,normal,medium,4,no,5.3,5.76,4.84,5.04
office,2.4,normal,medium,1,no,2.71,2.07,3.64,2.48
residential,12.9,normal,high,1,no,7.58,4.07,7.07,3.6
residential,51.9,holiday,medium,10,no,6.76,2.15,4.93,2.73
office,31.4,normal,medium,5,no,2.27,2.33,3.08,2.47
school,10.3,normal,medium,3,no,0.84,4.39,2.22,4.92
residential,56.0,normal,medium,5,no,4.67,1.1,5.01,1.9
market,20.4,normal,medium,5,no,9.92,1.72,10.45,2.27
tourist_area,20.7,normal,medium,1,no,4.38,5.74,3.29,5.43
market,300.0,holiday,low,8,no,9.67,1.69,8.77,2.3
market,88.2,normal,high,5,no,12.47,3.34,12.77,4.0
market,13.3,normal,low,5,no,4.93,1.35,6.06,1.08
residential,62.7,holiday,low,9,no,4.78,2.02,5.66,1.61
market,97.3,normal,medium,8,no,10.51,2.47,10.7,2.77
market,0.9,normal,low,1,no,5.98,1.84,5.22,2.43
residential,0.6,normal,medium,3,no,4.75,2.04,4.88,2.09
office,15.1,normal,medium,12,yes,3.28,5.04,3.68,4.63
market,229.9,normal,medium,7,no,12.18,2.47,10.44,2.44
office,61.5,normal,medium,1,no,4.06,4.13,3.53,4.55
office,21.5,holiday,low,1,no,2.96,2.89,2.57,2.93
residential,25.0,festival,low,5,no,6.43,2.38,6.04,1.67
school,31.0,normal,high,9,no,3.4,4.43,3.81,4.61
market,93.5,normal,medium,6,no,10.68,3.06,9.73,3.18
tourist_area,0.8,normal,medium,10,yes,5.8,5.76,5.9,5.87
residential,42.1,holiday,low,2,no,3.93,0.74,4.33,1.88
school,4.7,normal,medium,11,no,3.55,4.66,3.78,4.89
school,187.4,normal,medium,9,no,1.66,4.95,1.46,4.23
residential,60.9,holiday,medium,6,no,8.12,2.04,6.77,2.25
residential,7.8,holiday,high,5,no,8.43,3.24,8.8,2.5
school,5.1,holiday,low,5,no,1.65,2.83,1.81,3.43
office,29.6,normal,medium,12,no,4.0,3.89,5.29,3.78
residential,69.3,holiday,high,3,no,5.38,4.46,6.64,3.88
school,130.9,holiday,high,6,no,2.31,5.24,3.35,4.88
market,12.9,normal,low,4,no,6.6,1.63,6.54,2.0
office,26.6,normal,medium,12,no,4.07,3.11,2.86,2.99
residential,11.2,normal,low,10,yes,4.65,2.94,4.94,2.13
tourist_area,212.1,festival,low,2,yes,6.14,5.99,5.98,5.6
residential,41.4,normal,medium,3,no,2.71,2.56,3.5,2.21
market,114.2,normal,low,9,no,7.95,1.35,7.66,1.72
residential,16.5,normal,high,11,no,6.91,4.96,6.99,4.03
residential,28.9,holiday,medium,11,no,6.3,2.18,5.15,3.3
market,18.9,normal,low,9,no,6.55,2.64,7.2,2.63
residential,68.9,normal,low,6,no,5.46,0.75,4.52,1.39
office,15.1,normal,high,10,no,4.53,4.3,4.29,4.13
residential,80.0,festival,low,10,no,4.22,3.36,5.73,3.92
market,99.5,normal,medium,9,no,11.84,3.61,11.94,2.98
residential,2.6,normal,medium,4,no,6.19,2.41,4.8,2.07
residential,64.9,holiday,medium,11,no,4.43,3.03,5.12,3.35
residential,9.4,normal,medium,5,no,4.39,1.94,5.0,2.19
market,8.4,festival,low,10,no,10.31,2.77,9.32,2.38
market,73.1,normal,low,6,no,9.07,2.6,8.91,3.23
market,100.0,normal,low,9,no,5.96,1.79,6.47,2.26
market,23.6,normal,medium,5,no,9.32,1.57,9.47,2.1
school,65.0,normal,medium,8,no,0.8,3.08,1.1,4.3
residential,37.9,normal,medium,11,no,4.01,2.2,4.67,2.77
market,11.4,normal,low,1,yes,6.25,2.17,7.03,2.39
tourist_area,45.7,holiday,medium,5,no,6.79,5.75,6.56,6.53
market,5.8,normal,medium,10,no,9.12,3.28,8.64,3.45
school,45.8,normal,high,1,no,2.02,5.42,2.21,5.67
residential,32.7,normal,medium,10,yes,7.09,2.35,6.81,2.47
office,104.8,festival,medium,6,no,6.01,4.03,5.83,3.97
office,70.5,normal,medium,7,no,3.11,1.98,3.85,2.21
market,33.0,normal,high,12,no,10.94,4.1,10.67,4.89
tourist_area,2.5,normal,high,5,yes,8.05,7.0,7.26,6.41
residential,57.2,normal,medium,1,no,4.13,3.13,4.56,3.49
residential,66.0,normal,low,6,no,5.58,1.91,4.82,1.33
office,4.8,festival,medium,10,no,2.48,4.91,3.86,4.72
office,25.8,normal,medium,5,no,2.79,3.57,3.01,3.26
residential,137.8,festival,high,6,no,12.04,5.65,12.61,4.45
residential,2.4,normal,medium,11,yes,6.63,3.02,5.73,3.45
residential,76.1,normal,low,10,no,3.62,2.5,3.82,2.14
residential,300.0,festival,high,7,no,11.87,3.55,12.04,3.07
office,91.1,normal,high,7,no,4.61,4.43,3.99,4.18
market,19.7,festival,medium,2,no,13.31,5.5,12.24,4.49
residential,40.6,normal,medium,12,no,5.43,2.62,4.85,2.47
market,11.9,festival,medium,3,no,12.16,3.65,13.07,3.05
residential,20.4,normal,high,12,no,7.06,4.32,6.47,3.84
residential,249.9,normal,high,6,yes,9.26,2.9,8.7,3.23
school,93.5,normal,medium,3,no,3.23,3.63,2.99,3.71
tourist_area,78.5,normal,medium,2,no,4.36,5.66,4.29,6.15
office,9.1,normal,high,4,no,5.4,3.92,4.65,5.27
residential,7.9,normal,medium,5,no,6.3,2.25,5.89,2.06
tourist_area,10.6,normal,medium,11,no,5.53,4.99,5.71,4.79
office,17.5,normal,high,10,yes,6.64,5.73,6.35,6.14
office,97.5,holiday,low,9,no,2.23,0.92,2.89,1.78
market,14.1,normal,medium,3,no,8.66,2.98,7.73,3.47
market,29.1,normal,high,3,no,9.62,4.64,11.9,4.43
residential,171.4,normal,high,6,no,9.07,4.02,9.32,3.32
residential,39.9,normal,medium,5,no,6.64,1.88,6.52,1.97
residential,176.1,normal,low,6,no,3.87,0.38,3.43,1.05
residential,48.3,normal,medium,7,no,6.7,2.31,6.98,2.11
market,1.5,festival,medium,11,no,13.07,2.67,12.81,3.91
office,46.7,holiday,low,3,no,2.28,2.84,2.29,2.2
market,22.8,normal,high,5,no,14.77,2.33,12.93,3.43
residential,80.4,normal,medium,8,no,5.44,2.75,4.87,1.62
tourist_area,1.6,normal,medium,4,no,6.02,4.7,5.77,4.79
tourist_area,8.8,normal,medium,10,no,5.89,5.49,5.98,5.11
office,30.5,normal,high,2,no,3.46,4.95,3.96,4.1
tourist_area,58.8,normal,medium,4,no,5.16,4.17,5.41,3.45
market,74.7,normal,low,2,no,5.51,1.64,5.61,1.34
tourist_area,20.8,normal,low,3,no,3.65,3.43,3.24,3.44
residential,23.7,normal,medium,4,no,4.4,2.46,4.93,2.14
market,53.7,festival,medium,4,no,15.0,4.21,15.11,3.48
residential,23.1,normal,medium,10,no,6.81,1.63,6.14,2.62
residential,89.6,holiday,medium,9,no,7.01,3.02,7.59,2.25
residential,70.6,festival,low,10,yes,6.84,3.08,6.83,3.21
school,143.3,normal,medium,6,no,3.38,3.25,2.63,2.88
office,183.2,normal,medium,9,no,3.82,2.51,3.65,2.22
school,7.4,normal,low,4,yes,0.94,2.64,1.56,2.64
residential,116.9,festival,low,9,no,6.18,1.07,6.25,1.77
office,55.4,festival,low,11,no,4.46,3.02,4.86,2.56
school,34.8,normal,low,9,no,2.53,2.43,2.82,2.61
market,182.7,normal,medium,6,no,10.35,2.22,9.45,1.89
school,6.1,holiday,low,5,no,2.33,3.94,3.31,3.15
residential,49.5,normal,medium,3,yes,5.44,2.53,3.89,2.89
residential,28.4,holiday,low,5,no,4.71,2.71,6.11,3.29
tourist_area,6.4,festival,high,3,no,8.33,8.77,8.41,8.13
residential,19.2,normal,high,5,no,8.4,2.71,7.91,3.15
market,34.4,normal,low,5,no,6.69,1.85,6.81,1.73
tourist_area,30.1,normal,medium,2,no,3.07,5.46,3.71,5.06
office,99.4,normal,low,9,no,2.87,2.37,2.72,2.76
residential,223.4,normal,medium,7,no,6.17,1.85,6.12,1.51
residential,107.3,holiday,low,6,no,3.01,0.46,4.72,0.5
residential,21.1,festival,medium,5,no,7.76,3.72,8.42,3.59
school,1.9,festival,medium,4,yes,5.75,6.56,4.8,7.04
market,219.2,normal,high,8,no,13.9,3.07,14.37,3.42
residential,5.8,holiday,low,2,yes,7.2,3.06,6.55,2.17
tourist_area,133.4,holiday,high,8,no,8.0,7.08,7.95,6.39
market,48.8,normal,high,1,no,10.76,4.33,11.21,4.63
residential,7.3,normal,low,10,no,2.35,2.67,2.85,2.97
market,22.5,normal,medium,1,yes,8.96,2.93,8.96,3.43
school,8.3,festival,low,3,no,2.82,3.08,2.65,3.03
residential,42.8,normal,medium,5,no,6.01,1.72,4.37,2.7
residential,103.1,holiday,medium,6,no,7.11,2.16,6.79,2.25
office,58.1,normal,medium,4,no,3.37,3.38,3.73,3.05
market,214.8,holiday,medium,7,no,12.46,1.43,12.55,1.64
market,105.5,normal,high,7,no,13.44,3.72,12.86,2.94
market,38.8,normal,low,2,no,5.14,1.86,5.98,3.25
residential,23.9,normal,high,2,no,7.04,3.12,6.49,3.83
residential,14.6,normal,low,2,no,5.26,2.7,3.78,1.99
market,31.3,holiday,high,2,no,13.02,2.8,14.13,4.35
residential,200.6,normal,medium,9,no,5.04,2.15,4.67,2.37
residential,16.2,normal,low,5,no,3.99,1.13,4.58,1.55
office,11.3,normal,high,11,no,3.5,4.58,3.26,4.4
tourist_area,86.5,normal,medium,8,no,3.73,3.89,4.44,3.8
office,17.1,normal,medium,5,yes,3.69,4.91,3.24,4.44
office,2.3,normal,medium,11,no,2.02,3.78,1.67,2.89
residential,20.7,festival,medium,5,no,7.62,3.52,8.31,3.05
tourist_area,20.5,normal,medium,1,no,5.68,5.07,5.32,5.13
residential,110.9,holiday,high,6,no,11.23,2.69,11.26,3.48
tourist_area,13.5,festival,low,4,no,5.7,2.62,5.6,3.1
tourist_area,28.5,normal,medium,3,yes,5.68,5.32,6.77,5.95
office,182.2,normal,high,6,no,3.75,3.6,4.36,2.72
tourist_area,93.3,normal,low,2,no,2.11,3.04,2.85,3.74
school,77.0,festival,low,8,no,4.91,2.65,3.5,2.43
residential,1.3,festival,high,1,no,9.26,3.82,9.04,4.15
market,104.4,normal,medium,12,no,9.7,4.53,9.45,4.16
school,106.4,holiday,medium,9,no,4.37,4.05,3.9,4.15
residential,94.7,normal,low,8,no,3.94,1.56,4.25,1.47
school,4.8,festival,medium,1,no,4.78,5.41,3.81,4.87
tourist_area,4.6,festival,low,10,no,5.73,4.39,5.65,4.06
residential,5.5,normal,medium,12,no,4.37,3.41,4.6,3.61
office,31.2,normal,high,9,no,6.09,4.84,4.71,4.25
tourist_area,69.7,normal,medium,2,no,4.37,5.21,4.66,5.05
tourist_area,23.3,normal,medium,3,no,4.57,4.85,3.44,4.18
tourist_area,36.1,holiday,high,2,yes,7.75,9.66,7.89,9.82
market,165.2,normal,medium,8,no,11.53,2.19,12.06,1.71
tourist_area,47.0,normal,high,2,no,5.46,6.51,5.9,6.92
office,64.3,normal,medium,10,no,2.35,2.92,3.06,2.66
residential,102.6,festival,high,2,yes,12.55,4.66,11.56,5.29
market,17.3,normal,low,1,no,4.85,1.43,6.33,1.78
office,294.3,normal,low,7,no,2.94,1.99,3.74,1.67
residential,38.5,normal,low,12,no,3.67,1.72,3.14,2.56
school,2.2,festival,medium,2,yes,5.03,6.01,4.38,6.18
school,34.4,holiday,high,10,no,2.86,5.1,4.14,5.3
residential,34.8,normal,medium,5,yes,6.54,1.09,7.62,2.25
school,70.9,normal,medium,5,no,3.64,3.07,2.55,2.63
office,14.0,normal,high,3,no,3.36,4.84,2.96,3.52
market,26.4,normal,medium,3,no,7.35,2.76,7.58,3.35
residential,0.4,normal,medium,12,no,4.9,3.73,3.54,2.97
residential,12.1,festival,medium,3,no,6.65,4.0,6.96,4.02
market,22.3,normal,medium,6,no,11.78,2.61,11.71,2.63
tourist_area,22.1,holiday,low,4,no,5.07,2.87,3.89,2.76
residential,51.0,normal,high,3,yes,6.83,3.66,7.24,4.0
school,6.9,holiday,low,2,no,1.02,2.86,1.07,2.86
residential,22.5,holiday,low,3,no,5.0,1.93,5.7,1.46
residential,6.8,normal,high,4,no,7.09,2.94,6.75,2.53
office,35.2,normal,medium,6,no,2.74,2.28,3.95,1.84
office,21.5,normal,medium,4,no,2.87,3.01,2.63,3.32
residential,30.9,normal,medium,8,no,6.39,2.63,6.62,1.99
market,26.6,normal,medium,3,no,6.73,2.42,7.44,2.62
residential,1.0,normal,medium,12,yes,6.56,3.47,6.1,3.4
market,3.4,festival,medium,3,yes,13.07,4.53,13.28,4.16
school,24.0,normal,medium,3,no,2.29,4.27,2.52,3.41
residential,139.6,holiday,high,8,no,10.39,3.06,9.83,4.2
residential,0.9,normal,medium,4,yes,7.26,3.65,6.42,3.29
market,25.6,holiday,high,1,no,11.57,3.82,12.93,5.02
tourist_area,54.7,normal,low,2,no,2.78,3.47,3.23,4.0
tourist_area,38.4,festival,medium,10,no,6.73,6.53,7.3,6.33
residential,4.2,normal,medium,2,no,4.28,3.32,4.14,3.05
office,26.9,normal,high,3,no,3.72,5.62,3.67,5.14
market,163.6,normal,low,6,no,7.26,2.55,7.27,3.01
market,57.8,normal,medium,8,no,9.5,2.43,9.87,2.86
office,58.0,normal,high,12,no,4.47,5.76,4.63,5.1
tourist_area,71.0,normal,low,1,yes,4.8,4.72,4.36,4.71
tourist_area,198.2,normal,high,9,no,7.31,4.44,6.67,5.28
school,52.2,holiday,low,1,no,2.75,2.19,2.95,2.17
market,41.0,normal,high,10,no,12.98,3.76,12.54,4.02
office,30.1,normal,high,2,no,4.06,3.72,3.04,4.71
residential,34.1,holiday,medium,3,yes,6.93,2.76,5.59,2.66
school,151.6,normal,medium,7,no,3.67,2.6,3.61,2.54
market,160.4,normal,low,9,no,7.26,2.03,6.73,2.45
school,11.9,normal,high,3,no,2.84,5.32,3.25,5.05
residential,80.6,festival,medium,8,yes,10.42,3.61,10.08,3.05
residential,227.6,holiday,low,9,yes,7.1,2.32,6.77,2.6
tourist_area,0.5,holiday,medium,10,no,6.56,6.0,5.91,6.15
residential,127.9,normal,medium,7,no,5.67,2.02,6.89,2.06
market,92.9,holiday,low,4,yes,8.47,1.54,9.54,2.57
residential,36.7,normal,low,4,no,4.06,2.36,4.83,2.57
residential,153.0,normal,low,4,no,2.71,0.68,3.28,1.04
residential,121.9,normal,medium,6,yes,8.29,2.11,8.27,3.2
residential,1.0,normal,medium,4,no,4.16,2.74,4.65,3.29
office,52.6,normal,medium,5,no,4.37,2.98,4.84,2.16
residential,98.3,normal,high,9,no,7.13,2.23,7.23,2.06
tourist_area,17.7,normal,high,12,no,5.83,7.71,4.98,6.57
school,78.8,normal,medium,7,no,1.1,2.78,0.67,2.86
market,92.5,holiday,low,8,no,9.19,3.86,10.12,2.49
school,16.9,normal,medium,5,no,3.68,3.79,3.6,3.36
market,14.3,holiday,medium,5,no,10.98,3.12,11.42,3.63
office,30.1,normal,medium,11,no,1.88,2.26,3.23,2.13
residential,170.9,holiday,medium,7,no,7.88,1.92,6.7,2.14
market,10.6,normal,medium,11,no,8.09,2.55,8.05,2.91
tourist_area,7.2,normal,high,12,no,7.67,7.12,6.77,7.23
tourist_area,105.5,normal,low,8,no,5.87,2.95,5.56,2.99
tourist_area,111.6,normal,medium,9,no,5.61,5.17,4.95,3.82
market,69.4,holiday,low,2,no,6.84,2.28,6.19,1.97
office,0.5,normal,high,3,no,3.44,4.37,2.88,5.1
market,57.5,normal,low,12,no,6.2,2.44,6.87,1.87
market,22.1,holiday,low,12,no,8.83,3.55,7.78,3.94
residential,29.1,normal,medium,2,yes,5.67,3.87,5.21,2.88
school,2.9,normal,medium,10,no,1.85,4.57,2.51,3.62
residential,84.6,normal,low,7,no,6.6,1.66,5.35,1.13
residential,7.7,normal,medium,12,no,3.04,3.29,2.7,3.61
office,8.8,normal,medium,2,no,2.29,4.04,1.51,3.58
residential,21.0,normal,low,12,no,3.68,1.09,3.61,1.65
residential,50.2,festival,medium,2,no,6.16,2.63,6.82,2.94
residential,40.9,normal,high,2,no,7.32,3.18,6.73,3.19
tourist_area,26.8,normal,medium,12,yes,5.21,8.03,5.42,8.11
market,23.3,normal,high,4,no,10.95,3.55,10.45,3.95
market,16.7,festival,medium,1,no,14.16,2.81,12.44,2.86
office,108.0,holiday,medium,2,no,3.58,3.23,4.83,3.42
office,24.6,normal,low,3,yes,2.38,3.89,3.18,4.23
residential,49.5,holiday,medium,7,no,6.66,1.43,7.33,2.01
school,7.8,normal,high,10,no,4.98,4.42,3.97,4.09
office,28.4,normal,high,1,no,4.9,4.72,4.3,4.07
school,73.4,normal,medium,6,no,3.63,3.21,3.35,3.7
residential,0.2,normal,low,3,no,5.46,2.1,5.49,2.24
office,53.2,normal,low,3,no,2.2,1.72,2.43,1.59
market,36.5,festival,medium,4,no,13.69,3.42,14.12,3.86
residential,32.5,normal,medium,4,no,6.14,3.46,5.7,3.68
market,69.3,festival,low,7,no,13.69,1.36,13.44,2.42
residential,13.5,normal,high,3,yes,6.94,4.83,7.38,5.12
residential,234.6,normal,medium,8,no,6.31,1.13,6.26,1.76
office,191.5,normal,high,8,yes,6.17,5.22,5.57,4.8
residential,10.1,normal,high,11,no,5.41,2.87,5.89,2.97
market,58.7,normal,high,7,no,15.0,2.24,13.85,2.68
market,17.9,normal,medium,2,no,9.5,3.04,8.75,2.64
residential,13.2,normal,medium,5,no,5.96,2.3,5.84,2.13
tourist_area,114.2,normal,medium,6,no,4.44,4.32,3.35,4.84
residential,101.8,holiday,medium,12,no,5.9,4.31,5.74,3.07
residential,13.5,normal,medium,10,no,6.88,3.37,5.47,2.28
residential,1.9,normal,high,4,yes,9.77,2.74,9.51,3.57
residential,68.4,normal,high,10,no,6.88,2.23,7.31,2.49
residential,1.2,festival,high,5,no,11.85,3.43,11.46,2.77
office,298.0,holiday,high,9,no,5.23,3.55,5.73,3.83
tourist_area,32.8,normal,low,11,yes,4.37,5.44,4.58,4.95
residential,230.9,normal,low,7,no,3.42,1.96,3.79,1.49
school,6.7,normal,medium,2,no,2.64,3.74,3.41,4.2
office,1.2,festival,medium,11,no,5.84,5.19,4.93,4.46
office,20.1,normal,high,1,no,3.15,5.4,4.27,5.11
market,18.0,normal,medium,2,no,7.55,4.2,7.47,3.58
residential,12.1,normal,medium,3,no,5.31,2.78,4.59,2.64
residential,94.9,normal,medium,11,no,5.21,0.67,4.97,0.76
office,51.9,festival,low,2,no,4.28,3.13,3.18,2.92
office,32.5,normal,medium,11,no,1.81,4.44,2.77,4.13
residential,5.3,normal,high,3,yes,7.94,4.17,6.83,4.28
market,39.8,normal,low,10,no,6.63,2.5,7.44,3.14
tourist_area,38.9,holiday,medium,11,yes,5.28,7.97,5.18,8.1
office,16.6,holiday,medium,11,no,2.71,3.56,3.57,4.11
tourist_area,77.6,normal,low,12,no,4.45,3.75,3.99,4.39
office,5.5,normal,low,12,yes,3.25,3.47,3.12,3.32
market,68.5,festival,high,9,yes,15.0,5.99,17.88,6.48
school,2.0,normal,medium,4,no,1.1,3.23,1.92,3.99
school,47.6,normal,low,12,no,2.4,3.6,2.24,3.2
residential,117.9,normal,low,9,no,3.91,2.11,3.14,2.72
market,11.3,festival,medium,11,no,13.7,4.82,12.93,4.74
office,5.4,normal,medium,3,yes,5.21,4.17,4.15,5.16
residential,1.2,holiday,medium,12,no,4.39,1.87,4.46,2.65
office,5.5,normal,low,1,no,1.13,2.73,2.26,2.4
school,18.1,normal,high,11,no,2.59,7.04,2.91,6.04
tourist_area,8.5,normal,medium,5,no,5.0,4.59,4.52,4.43
residential,9.0,normal,medium,10,no,4.59,2.18,4.5,2.06
residential,62.5,normal,medium,10,no,4.55,2.19,4.5,2.87
school,21.7,normal,medium,2,no,2.69,3.94,2.35,3.97
residential,39.2,normal,high,4,no,7.22,3.96,6.55,2.82
office,1.1,holiday,high,2,no,4.47,5.39,3.94,5.46
office,13.6,festival,medium,2,yes,5.16,5.66,5.54,5.7
residential,19.6,normal,high,3,no,6.53,2.66,6.61,2.67
market,6.2,normal,high,5,no,12.64,3.3,12.55,3.55
market,3.8,normal,high,4,no,12.59,5.06,12.38,4.43
market,61.3,normal,low,2,yes,5.6,1.64,6.09,2.33
tourist_area,84.1,holiday,medium,11,no,3.54,7.14,4.21,6.89
office,2.5,normal,medium,10,no,2.28,3.6,2.9,3.72
school,12.9,normal,high,2,no,2.96,5.6,3.26,4.87
office,277.2,holiday,low,6,no,3.08,3.1,2.24,3.65
market,20.6,normal,medium,7,no,10.41,2.41,10.2,1.76
tourist_area,31.0,normal,medium,12,no,2.79,5.27,2.49,5.4
school,107.5,normal,medium,10,no,3.42,3.91,3.48,3.38
office,300.0,normal,medium,6,no,4.04,2.64,4.37,2.85
office,102.6,normal,high,7,no,4.72,2.7,4.43,3.22
residential,5.3,holiday,medium,1,yes,7.87,4.19,7.26,3.88
office,43.5,holiday,high,6,no,6.53,4.97,4.91,5.45
residential,66.1,normal,medium,11,no,8.3,1.91,7.6,2.73
residential,72.8,festival,medium,3,no,6.0,2.17,7.03,2.44
residential,28.1,normal,medium,1,no,5.93,1.52,6.1,2.37
tourist_area,163.1,holiday,low,8,no,3.8,3.55,5.12,4.13
office,40.4,normal,medium,4,no,2.34,2.4,1.94,3.29
office,32.5,festival,medium,10,yes,5.42,5.62,6.04,5.5
office,179.2,festival,medium,8,no,5.84,4.23,6.63,3.26
school,34.7,normal,high,10,no,4.69,4.43,3.31,4.89
tourist_area,22.9,festival,medium,11,no,8.28,7.49,7.67,7.55
market,8.1,holiday,low,4,no,9.24,1.86,8.55,1.71
market,40.9,holiday,low,4,no,7.14,1.73,8.05,1.98
residential,19.2,normal,medium,12,no,6.11,1.94,4.14,2.31
office,10.5,holiday,medium,10,no,4.75,3.11,5.41,4.14
office,48.6,holiday,low,4,no,3.03,3.45,2.9,3.91
market,103.9,normal,medium,6,no,10.45,2.51,10.84,3.05
residential,230.7,festival,medium,9,no,7.34,3.59,7.92,3.16
office,5.4,normal,medium,5,no,4.16,4.18,4.11,4.26
residential,31.4,normal,high,12,no,5.43,3.91,4.45,4.1
office,8.4,normal,medium,10,no,3.02,4.26,2.81,3.88
tourist_area,238.3,normal,medium,8,no,5.28,4.35,5.88,5.1
market,53.9,normal,high,8,yes,15.0,3.4,15.49,3.36
residential,32.0,normal,medium,4,no,5.64,2.54,4.52,2.72
office,47.0,festival,medium,11,yes,6.93,7.03,6.42,6.89
office,13.2,normal,medium,10,no,2.69,3.61,2.35,3.42
market,260.0,normal,low,9,no,7.48,1.54,6.89,1.88
tourist_area,165.6,normal,medium,9,no,5.7,3.68,4.54,4.38
residential,10.5,normal,medium,5,no,4.96,2.3,5.55,2.41
market,30.2,festival,high,6,no,15.0,3.44,17.92,4.09
office,10.6,normal,high,5,yes,2.66,5.81,4.98,5.53
office,9.9,holiday,medium,3,no,3.83,4.46,2.79,4.58
residential,66.2,normal,medium,11,yes,3.55,3.99,4.99,3.53
office,287.1,normal,low,8,yes,2.41,1.81,3.26,1.89
school,28.6,normal,medium,9,yes,1.94,3.82,2.1,4.11
market,19.1,normal,medium,4,no,7.74,2.48,7.68,3.17
residential,64.7,normal,medium,9,no,5.09,1.54,4.6,1.07
office,70.1,normal,medium,9,no,3.2,3.02,2.92,2.66
residential,94.9,normal,low,7,no,6.0,2.18,5.54,2.87
residential,43.0,holiday,high,8,no,10.27,3.52,10.75,3.5
residential,23.0,normal,low,3,no,2.5,0.72,3.6,0.98
office,32.5,normal,high,5,no,4.52,3.9,3.54,4.36
